MSZoning,GrLivArea,Utilities,OverallQual,YearBuilt,TotalBsmtSF,Heating,HeatingQC,CentralAir,FullBath,BedroomAbvGr,KitchenAbvGr,GarageCars,PoolArea,SalePrice
RL,1710,AllPub,7,2003,856,GasA,Ex,Y,2,3,1,2,0,208500
RL,1262,AllPub,6,1976,1262,GasA,Ex,Y,2,3,1,2,0,181500
RL,1786,AllPub,7,2001,920,GasA,Ex,Y,2,3,1,2,0,223500
RL,1717,AllPub,7,1915,756,GasA,Gd,Y,1,3,1,3,0,140000
RL,2198,AllPub,8,2000,1145,GasA,Ex,Y,2,4,1,3,0,250000
RL,1362,AllPub,5,1993,796,GasA,Ex,Y,1,1,1,2,0,143000
RL,1694,AllPub,8,2004,1686,GasA,Ex,Y,2,3,1,2,0,307000
RL,2090,AllPub,7,1973,1107,GasA,Ex,Y,2,3,1,2,0,200000
RM,1774,AllPub,7,1931,952,GasA,Gd,Y,2,2,2,2,0,129900
RL,1077,AllPub,5,1939,991,GasA,Ex,Y,1,2,2,1,0,118000
RL,1040,AllPub,5,1965,1040,GasA,Ex,Y,1,3,1,1,0,129500
RL,2324,AllPub,9,2005,1175,GasA,Ex,Y,3,4,1,3,0,345000
RL,912,AllPub,5,1962,912,GasA,TA,Y,1,2,1,1,0,144000
RL,1494,AllPub,7,2006,1494,GasA,Ex,Y,2,3,1,3,0,279500
RL,1253,AllPub,6,1960,1253,GasA,TA,Y,1,2,1,1,0,157000
RM,854,AllPub,7,1929,832,GasA,Ex,Y,1,2,1,2,0,132000
RL,1004,AllPub,6,1970,1004,GasA,Ex,Y,1,2,1,2,0,149000
RL,1296,AllPub,4,1967,0,GasA,TA,Y,2,2,2,2,0,90000
RL,1114,AllPub,5,2004,1114,GasA,Ex,Y,1,3,1,2,0,159000
RL,1339,AllPub,5,1958,1029,GasA,TA,Y,1,3,1,1,0,139000
RL,2376,AllPub,8,2005,1158,GasA,Ex,Y,3,4,1,3,0,325300
RM,1108,AllPub,7,1930,637,GasA,Ex,Y,1,3,1,1,0,139400
RL,1795,AllPub,8,2002,1777,GasA,Ex,Y,2,3,1,2,0,230000
RM,1060,AllPub,5,1976,1040,GasA,TA,Y,1,3,1,2,0,129900
RL,1060,AllPub,5,1968,1060,GasA,Ex,Y,1,3,1,1,0,154000
RL,1600,AllPub,8,2007,1566,GasA,Ex,Y,2,3,1,3,0,256300
RL,900,AllPub,5,1951,900,GasA,TA,Y,1,3,1,2,0,134800
RL,1704,AllPub,8,2007,1704,GasA,Ex,Y,2,3,1,3,0,306000
RL,1600,AllPub,5,1957,1484,GasA,TA,Y,1,2,1,1,0,207500
RM,520,AllPub,4,1927,520,GasA,Fa,N,1,1,1,1,0,68500
C (all),1317,AllPub,4,1920,649,GasA,TA,N,1,3,1,1,0,40000
RL,1228,AllPub,5,1966,1228,GasA,Gd,Y,1,3,1,1,0,149350
RL,1234,AllPub,8,2007,1234,GasA,Ex,Y,2,3,1,2,0,179900
RL,1700,AllPub,5,1959,1398,GasA,,Y,1,4,1,2,0,165500
RL,1561,AllPub,9,2005,1561,GasA,Ex,Y,2,2,1,2,0,277500
RL,2452,AllPub,8,2004,1117,GasA,Ex,Y,3,4,1,3,0,309000
RL,1097,AllPub,5,1994,1097,GasA,Ex,Y,1,3,1,2,0,145000
RL,1297,AllPub,5,1954,1297,GasA,Gd,Y,1,3,1,2,0,153000
RL,1057,AllPub,5,1953,1057,GasA,TA,Y,1,3,1,1,0,109000
RL,1152,AllPub,4,1955,0,GasA,TA,N,2,2,2,0,0,82000
RL,1324,AllPub,6,1965,1088,GasA,Ex,Y,2,3,1,2,0,160000
RL,1328,AllPub,5,1959,1350,GasA,Gd,Y,1,2,1,1,0,170000
RL,884,AllPub,5,1983,840,GasA,Gd,Y,1,2,1,2,0,144000
RL,938,AllPub,5,1975,938,GasA,TA,Y,1,3,1,1,0,130250
RL,1150,AllPub,5,1959,1150,GasA,Ex,Y,1,3,1,1,0,141000
RL,1752,AllPub,9,2005,1752,GasA,Ex,Y,2,2,1,2,0,319900
RL,2149,AllPub,7,2003,1434,GasA,Ex,Y,1,1,1,2,0,239686
FV,1656,AllPub,8,2006,1656,GasA,Ex,Y,2,3,1,3,0,249700
RM,1452,AllPub,4,1920,736,GasA,Gd,Y,2,2,3,0,0,113000
RL,955,AllPub,5,1966,955,GasA,,Y,1,3,1,1,0,127000
RL,1470,AllPub,6,1997,794,GasA,Gd,Y,2,3,1,2,0,177000
RM,1176,AllPub,6,1934,816,GasA,TA,Y,1,3,1,2,0,114500
RM,816,AllPub,5,1963,816,GasA,TA,N,1,2,1,2,0,110000
RL,1842,AllPub,9,1981,1842,GasA,Gd,Y,0,0,1,3,0,385000
RL,1360,AllPub,5,1955,384,GasA,TA,Y,1,3,1,2,0,130000
RL,1425,AllPub,6,1964,1425,GasA,Gd,Y,2,3,1,2,0,180500
FV,1739,AllPub,8,1999,970,GasA,Ex,Y,2,3,1,2,0,172500
RL,1720,AllPub,7,2004,860,GasA,Ex,Y,2,3,1,2,0,196500
RL,2945,AllPub,10,2006,1410,GasA,Ex,Y,3,3,1,3,0,438780
RL,780,AllPub,5,1972,780,GasA,Ex,Y,1,2,1,1,0,124900
RL,1158,AllPub,6,2004,1158,GasA,Ex,Y,1,3,1,2,0,158000
RM,1111,AllPub,5,1920,530,GasA,TA,N,1,3,1,1,0,101000
RL,1370,AllPub,8,2006,1370,GasA,Ex,Y,2,2,1,2,0,202500
RM,1710,AllPub,7,1921,576,GasA,Gd,Y,2,3,1,2,0,140000
RL,2034,AllPub,7,1997,1057,GasA,Ex,Y,2,3,1,2,0,219500
RL,2473,AllPub,8,2004,1143,GasA,Ex,Y,2,4,1,3,0,317000
RL,2207,AllPub,7,1970,1947,GasA,TA,Y,2,3,1,2,0,180000
RL,1479,AllPub,7,2003,1453,GasA,Ex,Y,2,3,1,2,0,226000
RM,747,AllPub,4,1945,747,GasA,,Y,1,2,1,1,0,80000
RL,2287,AllPub,7,1953,1304,GasW,TA,Y,2,3,1,2,0,225000
RL,2223,AllPub,7,1973,2223,GasA,Ex,Y,2,3,1,2,0,244000
RL,845,AllPub,4,1982,845,GasA,TA,Y,1,2,1,2,0,129500
RL,1718,AllPub,7,1998,832,GasA,Gd,Y,2,3,1,2,0,185000
RL,1086,AllPub,5,1954,1086,GasA,Gd,Y,1,3,1,2,0,144900
RM,1605,AllPub,3,1915,840,GasA,Gd,N,2,3,2,1,0,107400
RM,988,AllPub,4,1973,462,GasA,,Y,1,2,1,1,0,91000
RL,952,AllPub,4,1956, ,GasA,Ex,Y,1,2,1,1,0,135750
RM,1285,AllPub,5,1948,672,GasA,TA,Y,1,2,1,1,0,127000
RL,1768,AllPub,4,1968,1768,GasA,TA,N,2,4,2,0,0,136500
RM,1230,AllPub,5,1910,440,GasA,Gd,Y,1,2,1,2,0,110000
RL,2142,AllPub,6,1968, ,GasA,TA,Y,2,4,1,1,0,193500
RM,1337,AllPub,6,1998,1237,GasA,Ex,Y,2,2,1,2,0,153500
RL,1563,AllPub,8,2007,1563,GasA,Ex,Y,2,3,1,3,0,245000
RL,1065,AllPub,5,1960, ,GasA,Gd,Y,1,3,1,2,0,126500
RL,1474,AllPub,7,1995,384,GasA,Gd,Y,2,3,1,2,0,168500
RL,2417,AllPub,8,1991,1288,GasA,Ex,Y,2,4,1,2,0,260000
RL,1560,AllPub,6,2005, ,GasA,Ex,Y,2,3,1,2,0,174000
FV,1224,AllPub,6,2009,612,GasA,Ex,Y,2,2,1,2,0,164500
C (all),1526,AllPub,3,1915,1013,GasA,TA,N,1,2,1,0,0,85000
RL,990,AllPub,4,1994,990,GasA,Ex,Y,1,3,1,0,0,123600
RL,1040,AllPub,4,1950,0,GasA,,Y,1,2,1,2,0,109900
RL,1235,AllPub,5,1961,1235,GasA,TA,Y,1,2,1,2,0,98600
RL,964,AllPub,5,1921,876,GasA,Ex,Y,1,2,1,2,0,163500
C (all),2291,AllPub,6,1910,1214,GasW,Ex,N,2,4,2,2,0,133900
RL,1786,AllPub,6,1997,824,GasA,Ex,Y,2,3,1,2,0,204750
RL,1470,AllPub,6,1993,680,GasA,Gd,Y,2,3,1,2,0,185000
RL,1588,AllPub,7,1999,1588,GasA,Ex,Y,2,3,1,2,0,214000
RL,960,AllPub,4,1965,960,GasA,TA,Y,1,3,1,1,0,94750
RL,835,AllPub,5,1920,458,GasA,Fa,N,1,2,1,1,0,83000
RL,1225,AllPub,4,1959,950,GasA,Fa,Y,1,3,1,0,0,128950
RL,1610,AllPub,6,1977,1610,GasA,Gd,Y,2,3,1,2,0,205000
RL,1732,AllPub,6,1985,741,GasA,TA,Y,2,3,1,2,0,178000
RL,1535,AllPub,5,1979,0,GasA,TA,Y,2,4,2,2,0,118964
RL,1226,AllPub,7,2009,1226,GasA,Ex,Y,2,3,1,3,0,198900
RM,1818,AllPub,7,1931,1040,GasA,Ex,Y,1,4,1,1,0,169500
FV,1992,AllPub,8,2003,1053,GasA,Ex,Y,2,3,1,2,0,250000
RM,1047,AllPub,4,1885,641,GasA,Gd,Y,1,2,1,1,0,100000
RM,789,AllPub,5,1948,789,GasA,Ex,Y,1,2,1,1,0,115000
RM,1517,AllPub,5,1919,793,GasW,TA,N,2,3,1,0,0,115000
RL,1844,AllPub,6,1977,1844,GasA,Ex,Y,2,3,1,2,0,190000
RL,1855,AllPub,6,1954, ,GasA,Gd,Y,2,4,1,1,0,136900
RL,1430,AllPub,7,2000,384,GasA,Ex,Y,2,3,1,2,0,180000
RL,2696,AllPub,7,2007,1264,GasA,Ex,Y,2,4,1,3,0,383970
RL,2259,AllPub,6,1953,1809,GasA,,Y,2,3,1,2,0,217000
RL,2320,AllPub,6,1945,1028,GasA,Ex,Y,2,3,1,1,0,259500
FV,1458,AllPub,6,1999,729,GasA,Gd,Y,2,2,1,2,0,176000
RL,1092,AllPub,5,1962,1092,GasA,TA,Y,1,3,1,1,0,139000
RL,1125,AllPub,5,2006,1125,GasA,Gd,Y,1,2,1,2,0,155000
RL,3222,AllPub,7,1990,1673,GasA,Gd,Y,3,5,1,3,0,320000
RL,1456,AllPub,6,2005,728,GasA,Ex,Y,2,3,1,2,0,163990
RL,988,AllPub,6,1969,938,GasA,Ex,Y,1,1,1,2,0,180000
RM,1123,AllPub,4,1939,732,GasA,Gd,Y,1,3,1,1,0,100000
RL,1080,AllPub,6,1958, ,GasA,Gd,Y,1,3,1,1,0,136000
RL,1199,AllPub,6,1993,1199,GasA,Ex,Y,2,2,1,2,0,153900
RL,1586,AllPub,6,1979,1362,GasA,TA,Y,2,3,1,2,0,181000
RM,754,AllPub,6,1935,520,GasA,Gd,N,1,2,1,0,0,84500
RL,958,AllPub,6,1976,1078,GasA,TA,Y,2,2,1,2,0,128000
RM,840,AllPub,5,1930,672,GasA,Ex,Y,1,3,1,0,0,87000
RL,1348,AllPub,6,1966,660,GasA,TA,Y,1,3,1,2,0,155000
RL,1053,AllPub,5,1958,1008,GasA,TA,Y,1,3,1,2,0,150000
RL,2157,AllPub,7,1966,924,GasA,Ex,Y,2,4,1,2,0,226000
RL,2054,AllPub,6,2000, ,GasA,Ex,Y,2,3,1,2,0,244000
RL,1327,AllPub,5,1959,1063,GasA,Gd,Y,1,3,1,2,0,150750
RL,1296,AllPub,8,2001,1267,GasA,Ex,Y,2,2,1,2,0,220000
RL,1721,AllPub,5,1968, ,GasA,Gd,Y,2,3,1,2,0,180000
RL,1682,AllPub,7,1970,1304,GasA,Gd,Y,2,3,1,2,0,174000
RL,1214,AllPub,5,1967,1214,GasA,TA,Y,2,3,1,1,0,143000
RL,1959,AllPub,7,1988,1907,GasA,Gd,Y,3,5,2,3,0,171000
RL,1852,AllPub,8,1999,1004,GasA,Ex,Y,2,3,1,3,0,230000
RL,1764,AllPub,6,1997,928,GasA,Ex,Y,2,3,1,2,0,231500
RL,864,AllPub,4,1971,864,GasA,TA,Y,1,3,1,0,0,115000
RL,1734,AllPub,7,2005,1734,GasA,Ex,Y,2,3,1,2,0,260000
RL,1385,AllPub,5,1952,910,GasA,Fa,Y,2,4,1,2,0,166000
RL,1501,AllPub,7,1999,1490,GasA,Ex,Y,2,3,1,2,0,204000
RM,1728,AllPub,5,1963,1728,GasA,TA,Y,2,6,2,2,0,125000
RM,1709,AllPub,6,2004,970,GasA,Ex,Y,2,3,1,2,0,130000
RM,875,AllPub,5,1931,715,GasA,TA,Y,1,2,1,1,0,105000
RL,2035,AllPub,7,2001,884,GasA,Ex,Y,2,3,1,2,0,222500
RL,1080,AllPub,7,2004,1080,GasA,Ex,Y,1,3,1,0,0,141000
RM,1344,AllPub,5,1936,896,GasA,Gd,Y,1,3,1,1,0,115000
RL,969,AllPub,5,1975,969,GasA,TA,Y,1,3,1,2,0,122000
RL,1710,AllPub,8,2007,1710,GasA,Ex,Y,2,2,1,3,0,372402
RL,1993,AllPub,6,1971,825,GasA,Gd,Y,2,4,1,2,0,190000
RL,1252,AllPub,6,1960,1602,GasA,Gd,Y,1,1,1,2,0,235000
RM,1200,AllPub,6,1923,1200,GasA,TA,Y,1,4,1,1,0,125000
RL,1096,AllPub,6,1924,572,Grav,Fa,N,1,2,1,0,0,79000
RL,1040,AllPub,5,1950,0,GasA,TA,Y,1,2,1,2,0,109500
RL,1968,AllPub,8,2009,774,GasA,Ex,Y,2,4,1,3,0,269500
FV,1947,AllPub,7,2004,991,GasA,Ex,Y,2,3,1,2,0,254900
RL,2462,AllPub,7,2005,1392,GasA,Ex,Y,2,4,1,2,0,320000
RL,1232,AllPub,6,1984,1232,GasA,TA,Y,2,3,1,2,0,162500
RL,2668,AllPub,9,2003,1572,GasA,Ex,Y,2,3,1,3,0,412500
RL,1541,AllPub,7,2005,1541,GasA,Ex,Y,2,3,1,2,0,220000
RL,882,AllPub,4,1956,882,GasA,Ex,Y,1,1,1,0,0,103200
RM,1616,AllPub,6,1926,1149,GasA,Gd,Y,2,3,1,1,0,152000
RL,1355,AllPub,5,1940,644,GasA,Gd,Y,2,4,2,0,0,127500
RL,1867,AllPub,5,1955,1617,GasA,Ex,Y,1,2,1,1,0,190000
RL,2161,AllPub,8,2007,1582,GasA,Ex,Y,1,3,1,3,0,325624
RL,1720,AllPub,7,2004,840,GasA,Ex,Y,2,3,1,2,0,183500
RL,1707,AllPub,8,1981,1686,GasA,,Y,2,2,1,2,0,228000
RM,1382,AllPub,5,1941,720,GasA,TA,Y,1,2,1,2,0,128500
RL,1656,AllPub,6,1960,1080,GasA,Fa,Y,1,3,1,2,0,215000
RL,1767,AllPub,7,1987,1064,GasA,Gd,Y,2,2,1,2,0,239000
RL,1362,AllPub,6,1961,1362,GasA,TA,Y,1,3,1,2,0,163000
RL,1651,AllPub,6,1986,1606,GasA,TA,Y,2,3,1,2,0,184000
RL,2158,AllPub,6,1950,1202,GasA,TA,Y,2,4,1,2,0,243000
RL,2060,AllPub,6,1988,1151,GasA,TA,Y,2,4,1,2,0,211000
RL,1920,AllPub,5,1958,1052,GasA,Ex,Y,2,4,1,2,0,172500
RL,2234,AllPub,9,2008, ,GasA,Ex,Y,2,1,1,3,0,501837
RM,968,AllPub,5,1923,968,GasA,TA,Y,1,2,1,2,0,100000
FV,1525,AllPub,6,2000,756,GasA,Ex,Y,2,3,1,2,0,177000
RL,1802,AllPub,7,1920,793,GasA,Gd,Y,1,4,1,1,0,200100
RL,1340,AllPub,5,1957,0,GasA,Ex,Y,1,3,1,1,0,120000
RM,2082,AllPub,7,2003,1362,GasA,Ex,Y,2,3,1,2,0,200000
RL,1252,AllPub,5,1908,504,GasA,Gd,Y,1,3,1,2,0,127000
RM,3608,AllPub,10,1892,1107,GasA,Ex,Y,2,4,1,3,0,475000
RL,1217,AllPub,7,1990,1188,GasA,Ex,Y,2,3,1,2,0,173000
RL,1656,AllPub,5,1916, ,GasA,Ex,Y,2,3,1,1,0,135000
RL,1224,AllPub,5,1979,1086,GasA,TA,Y,0,2,2,2,0,153337
RL,1593,AllPub,8,2001,1593,GasA,Ex,Y,1,0,1,2,0,286000
RL,2727,AllPub,8,1932,853,GasA,TA,Y,2,3,1,2,0,315000
RL,1479,AllPub,7,1972,725,GasA,Gd,Y,1,4,1,2,0,184000
RL,1431,AllPub,7,1999,1431,GasA,Ex,Y,2,3,1,2,0,192000
RM,1709,AllPub,7,2004,970,GasA,Ex,Y,2,3,1,2,0,130000
RL,864,AllPub,5,1972,864,GasA,TA,Y,1,3,1,1,0,127000
RL,1456,AllPub,6,1976,855,GasA,TA,Y,2,3,1,2,0,148500
RL,1726,AllPub,7,2007,1726,GasA,Ex,Y,2,3,1,3,0,311872
RL,3112,AllPub,8,1918,1360,GasA,,Y,2,4,1,2,512,235000
RM,2229,AllPub,6,1912,755,GasA,Ex,Y,1,5,1,0,0,104000
RL,1713,AllPub,8,2004,1713,GasA,Ex,Y,2,3,1,3,0,274900
RM,1121,AllPub,4,2003,1121,GasA,Ex,Y,2,2,1,2,0,140000
RL,1279,AllPub,6,1977,1196,GasA,TA,Y,2,3,1,2,0,171500
RL,1310,AllPub,6,1924,617,GasA,Gd,Y,2,2,1,1,0,112000
RM,848,AllPub,6,2004,848,GasA,Ex,Y,1,1,1,2,0,149000
RM,1284,AllPub,5,1947,720,GasA,TA,Y,1,2,1,1,0,110000
RL,1442,AllPub,7,1990,1424,GasA,Ex,Y,2,3,1,2,0,180500
RL,1696,AllPub,5,1962,1140,GasA,TA,Y,1,3,1,1,0,143900
RL,1100,AllPub,4,1960,1100,GasA,TA,Y,1,3,1,1,0,141000
RL,2062,AllPub,7,1988,1157,GasA,Ex,Y,2,3,1,2,0,277000
RL,1092,AllPub,6,1964,1092,GasA,,Y,1,3,1,2,0,145000
RL,864,AllPub,5,1925,864,GasA,TA,N,1,2,1,0,0,98000
RL,1212,AllPub,6,2009,1212,GasA,Ex,Y,2,3,1,2,0,186000
FV,1852,AllPub,7,2009,900,GasA,Ex,Y,2,3,1,2,0,252678
RL,990,AllPub,5,1995,990,GasA,,Y,1,3,1,2,0,156000
RL,1392,AllPub,6,1977,689,GasA,,Y,1,3,1,1,0,161750
RL,1236,AllPub,5,1957,1070,GasA,TA,Y,1,2,1,1,0,134450
RL,1436,AllPub,7,2004,1436,GasA,Ex,Y,2,3,1,2,0,210000
RM,1328,AllPub,4,1925,686,GasA,Fa,N,1,3,1,1,0,107000
RL,1954,AllPub,7,1939,798,GasA,Ex,Y,1,3,1,2,0,311500
RL,1248,AllPub,7,2005,1248,GasA,,Y,2,2,1,2,0,167240
RL,1498,AllPub,7,2006,1498,GasA,Ex,Y,2,2,1,2,0,204900
RL,2267,AllPub,6,2002,1010,GasA,Ex,Y,2,4,1,2,0,200000
RL,1552,AllPub,6,1975,713,GasA,TA,Y,2,3,1,2,0,179900
RL,864,AllPub,4,1971,864,GasA,Gd,Y,1,2,1,2,0,97000
RL,2392,AllPub,10,2003,2392,GasA,,Y,2,3,1,3,0,386250
RM,1302,AllPub,5,1971,630,GasA,TA,Y,2,3,1,1,0,112000
RL,2520,AllPub,7,1995,1203,GasA,Ex,Y,2,4,1,3,0,290000
RM,987,AllPub,6,1970,483,GasA,TA,Y,1,2,1,1,0,106000
RL,912,AllPub,5,1967,912,GasA,TA,Y,1,3,1,1,0,125000
RL,1555,AllPub,7,2005,1373,GasA,Ex,Y,2,2,1,2,0,192500
RL,1194,AllPub,6,1959,1194,GasA,TA,Y,1,3,1,1,0,148000
RL,2794,AllPub,8,1995,1462,GasA,Ex,Y,2,4,1,3,0,403000
RM,987,AllPub,6,1972,483,GasA,,Y,1,2,1,1,0,94500
RL,894,AllPub,5,1976,894,GasA,TA,Y,1,3,1,1,0,128200
RL,1960,AllPub,6,2002, ,GasA,Ex,Y,2,4,1,2,0,216500
RM,987,AllPub,6,1971,483,GasA,TA,Y,1,2,1,1,0,89500
RL,1414,AllPub,7,2004,1414,GasA,Ex,Y,2,3,1,2,0,185500
RL,1744,AllPub,7,1993,996,GasA,Ex,Y,2,3,1,2,0,194500
RL,1694,AllPub,8,2007,1694,GasA,Ex,Y,2,3,1,3,0,318000
RL,1487,AllPub,6,1945,735,GasA,TA,Y,1,3,1,1,0,113000
FV,1566,AllPub,8,2008,1566,GasA,Ex,Y,2,3,1,2,0,262500
RM,866,AllPub,5,1945,686,GasA,Gd,Y,1,2,1,0,0,110500
RM,1440,AllPub,5,1900,540,GasA,Gd,N,1,3,1,1,0,79000
RL,1217,AllPub,6,1980,626,GasA,TA,Y,1,3,1,1,0,120000
RL,2110,AllPub,7,1994,948,GasA,Ex,Y,2,3,1,2,0,205000
RL,1872,AllPub,7,1988,1845,GasA,Gd,Y,2,3,1,2,0,241500
RM,1928,AllPub,6,1910,1020,GasA,Gd,N,2,4,2,1,0,137000
RL,1375,AllPub,6,1954,1367,GasA,Ex,Y,1,2,1,2,0,140000
RL,1668,AllPub,7,2003,840,GasA,Ex,Y,2,3,1,2,0,180000
RL,2144,AllPub,6,1958,1444,GasA,Gd,Y,2,4,1,2,0,277000
RL,1306,AllPub,3,1940,728,GasA,Ex,Y,1,3,1,0,0,76500
RM,1625,AllPub,8,2006,1573,GasA,Ex,Y,2,2,1,2,0,235000
RL,1640,AllPub,6,2004,798,GasA,Ex,Y,2,3,1,2,0,173000
RL,1302,AllPub,6,1964,1302,GasA,Ex,Y,2,3,1,1,0,158000
RL,1314,AllPub,5,1957,1314,GasA,TA,Y,1,3,1,1,0,145000
RL,2291,AllPub,7,1999, ,GasA,Ex,Y,2,4,1,2,0,230000
FV,1728,AllPub,6,2003,864,GasA,Ex,Y,2,3,1,2,0,207500
RL,1604,AllPub,7,2006,1604,GasA,Ex,Y,2,3,1,2,0,220000
RL,1792,AllPub,7,2001,963,GasA,Ex,Y,2,3,1,2,0,231500
RM,882,AllPub,5,1956,0,GasA,Gd,Y,1,2,1,1,0,97000
RL,1382,AllPub,6,1962,1362,GasA,TA,Y,1,3,1,2,0,176000
RL,2574,AllPub,8,2007,1482,GasA,Ex,Y,2,3,1,3,0,276000
RL,1212,AllPub,6,1977,506,GasA,TA,Y,1,3,1,2,0,151000
RM,1316,AllPub,5,1929, ,GasA,TA,Y,1,3,1,2,0,130000
RM,764,AllPub,5,1925,680,GasA,Gd,N,1,2,1,2,0,73000
RL,1422,AllPub,6,1981,1422,GasA,TA,Y,2,3,1,2,0,175500
RL,1511,AllPub,6,1997,802,GasA,Gd,Y,2,3,1,2,0,185000
RL,2192,AllPub,5,1939,720,GasA,Ex,Y,2,4,1,1,0,179500
RM,778,AllPub,5,1940,740,GasA,Ex,Y,1,2,1,1,0,120500
RL,1113,AllPub,6,1976,1143,GasA,TA,Y,1,3,1,1,0,148000
FV,1939,AllPub,8,2006,1095,GasA,Gd,Y,2,3,1,3,0,266000
RL,1363,AllPub,7,1954,1385,GasA,Ex,Y,1,2,1,2,0,241500
RL,2270,AllPub,8,1999,1152,GasA,Ex,Y,2,4,1,3,0,290000
RL,1632,AllPub,6,1958, ,GasA,Gd,Y,2,3,1,1,0,139000
RL,816,AllPub,5,1982,816,GasA,TA,Y,1,2,1,1,0,124500
RL,1548,AllPub,7,1925,952,GasW,Gd,N,2,3,1,2,0,205000
RL,1560,AllPub,7,2003,1560,GasA,Ex,Y,2,3,1,2,0,201000
RL,864,AllPub,4,1951,864,GasA,Ex,Y,1,2,1,2,0,141000
RL,2121,AllPub,9,2006,2121,GasA,Ex,Y,2,3,1,3,0,415298
RL,2022,AllPub,7,1977, ,GasA,Ex,Y,2,4,1,2,0,192000
RL,1982,AllPub,7,1989,807,GasA,Gd,Y,2,3,1,2,0,228500
FV,1262,AllPub,6,2006,1262,GasA,Gd,Y,2,2,1,2,0,185000
RL,1314,AllPub,7,2007,1314,GasA,Ex,Y,2,2,1,2,0,207500
RL,1468,AllPub,8,2008,1468,GasA,,Y,2,3,1,3,0,244600
RL,1575,AllPub,6,1992,1575,GasA,Gd,Y,2,2,1,2,0,179200
FV,1250,AllPub,7,2006,625,GasA,Ex,Y,2,2,1,2,0,164700
RL,1734,AllPub,6,1962,912,GasA,TA,Y,1,3,1,2,0,159000
RL,858,AllPub,4,1971,858,GasA,TA,Y,1,3,1,0,0,88000
RL,900,AllPub,5,1967,882,GasA,TA,Y,1,3,1,1,0,122000
RL,1396,AllPub,6,1915,698,GasA,Ex,Y,1,3,1,1,0,153575
RL,1919,AllPub,8,2006,1079,GasA,Ex,Y,2,3,1,2,0,233230
RL,1716,AllPub,5,1912,780,GasA,Ex,N,2,6,1,0,0,135900
RL,1716,AllPub,5,1949,768,GasA,Gd,Y,1,3,1,1,0,131000
RL,2263,AllPub,7,1977,795,GasA,Fa,Y,2,3,1,2,0,235000
RL,1644,AllPub,6,1953,1416,GasA,TA,Y,1,3,1,2,0,167000
RL,1003,AllPub,6,1984,1003,GasA,TA,Y,1,3,1,2,0,142500
RM,1558,AllPub,5,1950,910,GasA,TA,Y,1,4,1,1,0,152000
FV,1950,AllPub,7,1997,975,GasA,Ex,Y,2,3,1,2,0,239000
RL,1743,AllPub,6,1968,702,GasA,Gd,Y,1,3,1,2,0,175000
RL,1152,AllPub,6,1950,1092,GasA,Ex,Y,1,3,1,1,0,158500
RL,1336,AllPub,5,1953,1165,GasA,TA,Y,1,2,1,1,0,157000
RL,2452,AllPub,8,1998,1028,GasA,Ex,Y,2,4,1,2,0,267000
RL,1541,AllPub,7,2001,1541,GasA,Ex,Y,2,3,1,3,0,205000
RL,894,AllPub,5,1972,894,GasA,TA,Y,1,3,1,2,0,149900
RM,3493,AllPub,7,1880,1470,GasA,Ex,Y,3,3,1,3,0,295000
RL,2000,AllPub,8,2004,2000,GasA,,Y,2,3,1,3,0,305900
RL,2243,AllPub,7,1990,700,GasA,,Y,2,4,1,3,0,225000
RM,1406,AllPub,6,1920,319,GasA,TA,Y,1,3,1,0,0,89500
RL,861,AllPub,4,1940,861,GasA,,Y,1,1,1,2,0,82500
RL,1944,AllPub,9,2003,1896,GasA,Ex,Y,2,3,1,3,0,360000
RL,1501,AllPub,6,1993,697,GasA,Gd,Y,2,3,1,2,0,165600
RL,972,AllPub,6,1948,972,GasA,Ex,Y,1,2,1,1,0,132000
RM,1118,AllPub,5,1939,793,GasA,TA,Y,1,3,1,2,0,119900
RL,2036,AllPub,7,1965,2136,GasW,TA,Y,2,3,1,2,0,375000
RM,1641,AllPub,7,1925,728,GasA,Ex,Y,1,3,1,2,0,178000
RL,1432,AllPub,7,2004,716,GasA,Ex,Y,2,3,1,2,0,188500
RL,2353,AllPub,7,1980,845,GasA,TA,Y,2,4,1,2,0,260000
FV,1959,AllPub,8,2006,1088,GasA,Ex,Y,2,3,1,3,0,270000
RL,2646,AllPub,7,1993,1347,GasA,Ex,Y,2,4,1,3,0,260000
RL,1472,AllPub,7,1980,1372,GasA,TA,Y,2,3,1,2,0,187500
RL,2596,AllPub,9,2006,1249,GasA,Ex,Y,3,4,1,3,0,342643
RL,2468,AllPub,8,2004,1136,GasA,Ex,Y,2,4,1,3,0,354000
RL,2730,AllPub,7,1986,1502,GasA,Ex,Y,2,4,1,2,0,301000
RM,1163,AllPub,3,1955,1162,GasA,Ex,Y,1,3,1,1,0,126175
RL,2978,AllPub,7,1967,710,GasA,,Y,2,5,1,2,0,242000
RM,803,AllPub,5,1941,720,GasA,Po,N,1,2,1,2,0,87000
RL,1719,AllPub,8,1993,1719,GasA,Ex,Y,1,1,1,2,0,324000
RL,1383,AllPub,6,1960,1383,GasA,TA,Y,1,3,1,1,0,145250
RL,2134,AllPub,6,1916,844,GasA,Gd,N,2,5,1,2,0,214500
RM,1192,AllPub,5,1920,596,GasA,TA,N,1,3,1,1,0,78000
RL,1728,AllPub,5,1964,1728,GasA,TA,Y,2,6,2,1,0,119000
RL,1056,AllPub,5,1958,1056,GasA,Fa,Y,1,3,1,1,0,139000
RL,1629,AllPub,8,2003,3206,GasA,Ex,Y,2,3,1,3,0,284000
RM,1358,AllPub,7,2004,1358,GasA,Ex,Y,2,2,1,2,0,207000
RL,1638,AllPub,6,1998, ,GasA,Gd,Y,2,3,1,2,0,192000
RL,1786,AllPub,5,1965, ,GasA,Ex,Y,2,3,1,2,0,228950
RL,1922,AllPub,9,2005,1922,GasA,Ex,Y,2,3,1,3,0,377426
RL,1536,AllPub,7,2002,1536,GasA,Ex,Y,2,3,1,2,0,214000
RL,1621,AllPub,7,1984, ,GasA,Ex,Y,2,3,1,2,0,202500
RL,1215,AllPub,6,1958,1215,GasA,TA,Y,1,3,1,1,0,155000
RL,1908,AllPub,8,2002,967,GasA,Ex,Y,2,4,1,2,0,202900
RH,841,AllPub,4,1950,721,GasA,Gd,Y,1,2,1,1,0,82000
RL,1040,AllPub,3,1949,0,Wall,Fa,N,2,2,2,2,0,87500
RL,1684,AllPub,9,2005,1684,GasA,Ex,Y,2,2,1,2,0,266000
RM,1112,AllPub,5,1976,536,GasA,TA,Y,1,3,1,1,0,85000
RL,1577,AllPub,6,1939,972,GasA,Gd,Y,1,3,1,1,0,140200
RL,958,AllPub,6,1960,958,GasA,TA,Y,1,2,1,1,0,151500
RL,1478,AllPub,6,1960,1478,GasA,Ex,Y,2,3,1,2,0,157500
RL,1626,AllPub,7,2003,764,GasA,,Y,2,2,1,2,0,154000
RL,2728,AllPub,9,2005,1848,GasA,Ex,Y,2,4,1,3,0,437154
RL,1869,AllPub,9,2007,1869,GasA,Ex,Y,2,2,1,2,0,318061
RL,1453,AllPub,7,1986,1453,GasA,Gd,Y,1,2,1,2,0,190000
RL,1111,AllPub,5,1941,616,GasA,TA,N,1,3,1,1,0,95000
RM,720,AllPub,6,1928,624,GasA,,Y,1,2,1,2,0,105900
RL,1595,AllPub,6,1940,940,GasA,Ex,Y,1,2,1,1,0,140000
RL,1200,AllPub,6,1995,1200,GasA,Ex,Y,2,3,1,2,0,177500
RL,1167,AllPub,6,1992,1158,GasA,Gd,Y,2,3,1,2,0,173000
RM,1142,AllPub,5,1976,1142,GasA,TA,Y,1,3,1,2,0,134000
RL,1352,AllPub,5,1958,1062,GasA,Ex,Y,1,3,1,1,0,130000
RL,1924,AllPub,8,1998,1086,GasA,Ex,Y,2,3,1,2,0,280000
RL,912,AllPub,6,1978,888,GasA,Ex,Y,1,2,1,2,0,156000
RL,1505,AllPub,5,1940,883,GasA,Gd,Y,1,3,1,1,0,145000
RL,1922,AllPub,7,2003,0,GasA,Ex,Y,3,4,1,2,0,198500
RM,987,AllPub,6,1972,483,GasA,Gd,Y,1,2,1,1,0,118000
RL,1574,AllPub,6,1976,796,GasA,TA,Y,2,3,1,2,0,190000
RM,1344,AllPub,5,1920,672,GasA,Gd,Y,1,3,1,1,0,147000
RL,1394,AllPub,6,1963,1394,GasA,Gd,Y,1,3,1,2,0,159000
RL,1431,AllPub,6,1962,1099,GasA,Gd,Y,1,3,1,1,0,165000
RL,1268,AllPub,5,1954,1268,GasA,Gd,Y,1,2,1,1,0,132000
RL,1287,AllPub,5,1959,1063,GasA,Ex,Y,1,3,1,2,0,162000
RL,1664,AllPub,6,2000,953,GasA,Ex,Y,2,3,1,2,0,172400
RL,1588,AllPub,4,1959,0,GasA,,Y,2,4,1,2,0,134432
RL,752,AllPub,6,1984,744,GasA,TA,Y,1,2,1,1,0,125000
RL,1319,AllPub,5,1953,608,GasA,TA,Y,1,3,1,1,0,123000
RL,1928,AllPub,7,2003,847,GasA,Ex,Y,2,4,1,2,0,219500
RL,904,AllPub,1,1922,683,GasA,Gd,N,0,1,1,0,0,61000
RL,914,AllPub,5,1996,870,GasA,Ex,Y,1,2,1,2,0,148000
FV,2466,AllPub,8,2004,1580,GasA,Ex,Y,3,4,1,2,0,340000
RL,1856,AllPub,9,2010,1856,GasA,Ex,Y,1,1,1,3,0,394432
RL,1800,AllPub,6,2000,982,GasA,Ex,Y,2,3,1,2,0,179000
RL,1691,AllPub,5,1924,1026,GasA,TA,Y,2,3,1,1,0,127000
FV,1301,AllPub,7,2006,1293,GasA,Ex,Y,2,2,1,2,0,187750
RL,1797,AllPub,7,2006,939,GasA,Ex,Y,2,3,1,2,0,213500
RH,784,AllPub,6,1928,784,GasA,TA,N,1,2,1,2,0,76000
RL,1953,AllPub,6,1992,1580,GasA,Ex,Y,2,3,1,2,0,240000
RL,1269,AllPub,8,2004, ,GasA,Ex,Y,2,2,1,2,0,192000
RL,1184,AllPub,5,1910, ,GasA,TA,Y,1,5,1,0,0,81000
RL,1125,AllPub,6,1976,1041,GasA,Ex,Y,1,3,1,1,0,125000
RL,1479,AllPub,7,1999,1468,GasA,Ex,Y,2,3,1,2,0,191000
RL,2332,AllPub,10,2007,1682,GasA,Ex,Y,2,3,1,3,0,426000
RL,1367,AllPub,5,1900, ,GasA,Ex,Y,1,4,1,1,0,119000
RL,1961,AllPub,6,2001,804,GasA,Ex,Y,2,3,1,2,0,215000
RL,882,AllPub,5,1959,0,GasA,TA,Y,1,3,1,1,0,106500
RL,788,AllPub,4,1941,788,GasA,TA,Y,1,2,1,0,0,100000
RL,1034,AllPub,5,1940,735,GasA,Gd,Y,1,2,1,1,0,109000
RL,1144,AllPub,5,1956,1144,GasA,TA,Y,1,3,1,1,0,129000
RL,894,AllPub,5,1972,894,GasA,TA,Y,1,2,1,2,0,123000
RL,1812,AllPub,5,1962,864,GasA,TA,Y,2,4,1,1,0,169500
RM,1077,AllPub,5,1920,961,GasA,Gd,Y,1,2,1,1,0,67000
FV,1550,AllPub,7,2006,1092,GasA,Ex,Y,2,2,1,2,0,241000
RL,1288,AllPub,8,1996,1260,GasA,Ex,Y,1,1,1,2,0,245500
RL,1310,AllPub,7,2005,1310,GasA,Ex,Y,2,3,1,2,0,164990
RL,672,AllPub,5,1940,672,GasA,Ex,Y,1,2,1,1,0,108000
RL,2263,AllPub,8,1998,1141,GasA,Gd,Y,2,4,1,2,0,258000
RL,1572,AllPub,6,1995,806,GasA,Gd,Y,2,3,1,2,0,168000
RL,1620,AllPub,4,1976,1281,GasA,Ex,Y,2,3,1,2,0,150000
RL,1639,AllPub,6,1936,1064,GasA,Ex,Y,1,3,1,1,0,115000
RL,1680,AllPub,6,1915,840,GasA,Ex,Y,2,4,1,1,0,177000
RL,2172,AllPub,7,2006,1063,GasA,Ex,Y,2,3,1,3,0,280000
FV,2078,AllPub,8,2007,1034,GasA,Ex,Y,2,3,1,3,0,339750
RL,1276,AllPub,5,1958,1276,GasA,TA,Y,1,3,1,1,0,60000
RL,1056,AllPub,5,1955,1056,GasA,TA,N,1,3,1,2,0,145000
FV,1478,AllPub,7,2009,1470,GasA,Ex,Y,2,2,1,2,0,222000
RM,1028,AllPub,5,1927,1008,GasA,Gd,Y,1,2,1,2,0,115000
RL,2097,AllPub,7,1993,1080,GasA,Ex,Y,2,3,1,3,0,228000
RL,1340,AllPub,7,2007,1340,GasA,,Y,2,3,1,2,0,181134
RL,1400,AllPub,6,1978,672,GasA,TA,Y,1,3,1,2,0,149500
RL,2624,AllPub,6,1918,1370,GasW,TA,N,2,4,1,3,0,239000
RL,1134,AllPub,5,1940,756,GasA,Fa,N,1,3,1,1,0,126000
RL,1056,AllPub,5,1968,1056,GasA,Ex,Y,1,3,1,1,0,142000
RM,1344,AllPub,7,1997,1344,GasA,Ex,Y,2,2,2,4,0,206300
RL,1602,AllPub,6,1977,1602,GasA,Gd,Y,2,3,1,2,0,215000
RL,988,AllPub,5,1954,988,GasA,Ex,Y,1,2,1,2,0,113000
RL,2630,AllPub,8,1998,1470,GasA,,Y,2,4,1,3,0,315000
RL,1196,AllPub,6,1956,1196,GasA,,Y,1,2,1,1,0,139000
RM,1389,AllPub,7,1946,651,GasA,Gd,Y,1,3,1,1,0,135000
RL,1644,AllPub,7,1989,1518,GasA,,Y,2,2,1,2,0,275000
RL,907,AllPub,4,1957,907,GasA,Ex,Y,1,3,1,1,0,109008
RL,1208,AllPub,7,2007,1208,GasA,Ex,Y,2,2,1,2,0,195400
RL,1412,AllPub,6,1988,1392,GasA,TA,Y,2,3,1,2,0,175000
RM,987,AllPub,6,1971,483,GasA,TA,Y,1,2,1,1,0,85400
RM,1198,AllPub,6,1920,901,GasA,Gd,Y,1,4,1,0,0,79900
RM,1365,AllPub,5,1971,765,GasA,Ex,Y,1,2,1,2,0,122500
RL,1604,AllPub,6,1997,926,GasA,Ex,Y,2,3,1,2,0,181000
RM,630,AllPub,4,1972,630,GasA,Gd,Y,1,1,1,0,0,81000
RL,1661,AllPub,7,1996,799,GasA,Ex,Y,2,3,1,2,0,212000
RM,1118,AllPub,6,1920,648,GasA,TA,Y,1,2,1,2,0,116000
RM,904,AllPub,6,1926,884,GasA,Gd,Y,1,2,1,1,0,119000
RL,694,AllPub,5,1913,440,GasA,TA,N,1,2,1,1,0,90350
RL,1196,AllPub,6,1920,684,GasA,Gd,Y,1,3,1,2,0,110000
RL,2402,AllPub,10,2008,3094,GasA,Ex,Y,2,2,1,3,0,555000
RL,1440,AllPub,4,1955,1440,GasA,TA,N,2,4,2,0,0,118000
RM,1573,AllPub,5,1930,1078,GasA,TA,Y,2,3,1,2,0,162900
RL,1258,AllPub,7,2006,1258,GasA,Ex,Y,2,2,1,3,0,172500
RL,1908,AllPub,7,1994,915,GasA,Ex,Y,2,4,1,2,0,210000
RL,1689,AllPub,6,1956,1436,GasA,Fa,Y,1,3,1,2,0,127500
RL,1888,AllPub,6,1966,1517,GasA,Ex,Y,2,2,1,2,0,190000
RL,1886,AllPub,7,1998,930,GasA,Gd,Y,2,4,1,2,0,199900
RM,1376,AllPub,6,1937,780,GasA,,Y,2,3,1,1,0,119500
RM,1183,AllPub,3,1948,649,GasA,,Y,1,2,1,1,0,120000
RM,813,AllPub,6,1930,813,GasA,Ex,Y,1,2,1,1,0,110000
RL,1533,AllPub,7,1975, ,GasA,TA,Y,2,2,1,2,0,280000
RL,1756,AllPub,6,1996,872,GasA,Ex,Y,2,3,1,2,0,204000
FV,1590,AllPub,8,2008,768,GasA,Ex,Y,2,3,1,2,0,210000
RL,1728,AllPub,5,1976,1728,GasA,TA,Y,2,4,2,2,0,188000
RL,1242,AllPub,7,1973,1242,GasA,Fa,Y,1,3,1,2,0,175500
RM,1344,AllPub,5,1916,624,GasA,Fa,N,1,4,1,3,0,98000
RL,1663,AllPub,4,1954,1364,GasA,Ex,Y,1,2,1,2,0,256000
RM,1666,AllPub,8,1925,588,GasA,Fa,Y,1,3,1,1,0,161000
RL,1203,AllPub,5,1950,709,GasA,TA,Y,1,3,1,1,0,110000
FV,1935,AllPub,8,2009,832,GasA,Ex,Y,2,3,1,2,0,263435
RL,1135,AllPub,7,1936,560,GasA,Ex,Y,1,3,1,2,0,155000
RL,864,AllPub,5,1965,864,GasA,Gd,Y,1,3,1,1,0,62383
RL,1660,AllPub,6,1934,715,GasA,Fa,Y,1,3,1,1,0,188700
RL,1040,AllPub,5,1978,1040,GasA,TA,Y,2,3,1,0,0,124000
RM,1414,AllPub,7,2004, ,GasA,Ex,Y,2,2,1,2,0,178740
RL,1277,AllPub,7,1970,1277,GasA,TA,Y,1,2,1,2,0,167000
RL,1644,AllPub,5,1942,728,GasA,Ex,Y,1,3,1,1,0,146500
RL,1634,AllPub,8,2006,1626,GasA,Ex,Y,2,3,1,3,0,250000
RL,1710,AllPub,6,1993,832,GasA,Ex,Y,2,3,1,2,0,187000
RL,1502,AllPub,8,1985,1488,GasA,TA,Y,1,1,1,2,0,212000
RL,1969,AllPub,7,1977,808,GasA,TA,Y,2,3,1,2,0,190000
RM,1072,AllPub,6,2005,547,GasA,Ex,Y,1,2,1,2,0,148000
RL,1976,AllPub,8,2006,1976,GasA,Ex,Y,2,2,1,3,0,440000
RL,1652,AllPub,8,2000,1494,GasA,Ex,Y,2,2,1,2,0,251000
RL,970,AllPub,5,1963,970,GasA,TA,Y,1,2,1,2,0,132500
RL,1493,AllPub,6,1997, ,GasA,Ex,Y,2,3,1,2,0,208900
RL,2643,AllPub,9,2006,2153,GasA,Ex,Y,2,3,1,3,0,380000
RL,1718,AllPub,8,2007,1705,GasA,Ex,Y,2,3,1,3,0,297000
RM,1131,AllPub,4,1937,907,GasA,TA,Y,1,2,1,2,0,89471
RL,1850,AllPub,9,2004,1833,GasA,Ex,Y,2,3,1,3,0,326000
RL,1792,AllPub,9,2003,1792,GasA,Ex,Y,2,2,1,3,0,374000
RM,1826,AllPub,7,1915,910,GasA,Ex,Y,1,4,1,1,0,155000
RM,1216,AllPub,6,1998,1216,GasA,,Y,2,2,1,2,0,164000
RL,999,AllPub,5,1962,999,GasA,Gd,Y,1,3,1,1,0,132500
RL,1113,AllPub,5,1950,1113,GasA,Gd,Y,1,3,1,1,0,147000
RL,1073,AllPub,5,1965,1073,GasA,TA,Y,1,3,1,2,0,156000
RL,1484,AllPub,5,1971,1484,GasA,Gd,Y,2,3,1,2,0,175000
RL,2414,AllPub,5,1900,954,GasA,TA,N,2,3,2,2,0,160000
RM,630,AllPub,4,1970,630,GasA,TA,Y,1,1,1,1,0,86000
RM,1304,AllPub,5,1976,264,GasA,TA,Y,1,3,1,1,0,115000
RL,1578,AllPub,6,1941,806,GasA,TA,Y,1,3,1,1,0,133000
RL,1456,AllPub,6,2006,728,GasA,Gd,Y,2,3,1,2,0,172785
RL,1269,AllPub,5,1960,1269,GasA,TA,Y,1,3,1,1,0,155000
RM,886,AllPub,5,1938,190,GasA,Gd,Y,1,2,1,1,0,91300
C (all),720,AllPub,4,1920,720,GasA,TA,N,1,2,1,0,0,34900
RL,3228,AllPub,8,1992,3200,GasA,Ex,Y,3,4,1,2,0,430000
RL,1820,AllPub,7,1925,1026,GasA,Ex,Y,2,4,1,1,0,184000
RL,899,AllPub,5,1967,864,GasA,Ex,Y,1,3,1,1,0,130000
RL,912,AllPub,5,1958,912,GasA,Fa,Y,1,2,1,1,0,120000
RM,1218,AllPub,6,1973,672,GasA,TA,Y,1,3,1,1,0,113000
FV,1768,AllPub,7,2005,866,GasA,Gd,Y,2,3,1,2,0,226700
RL,1214,AllPub,5,1965,1214,GasA,,Y,1,2,1,2,0,140000
RL,1801,AllPub,7,1959,1501,GasA,TA,Y,2,1,1,2,0,289000
RL,1322,AllPub,6,1974,855,GasA,TA,Y,2,3,1,2,0,147000
RM,1960,AllPub,5,1952,960,GasA,Gd,Y,2,4,2,2,0,124500
RL,1911,AllPub,8,1993,777,GasA,Ex,Y,2,3,1,2,0,215000
FV,1218,AllPub,6,2009,1218,GasA,Ex,Y,2,2,1,2,0,208300
RM,1378,AllPub,7,1928,689,GasA,Ex,Y,2,3,1,2,0,161000
RL,1041,AllPub,5,1959,1041,GasA,Ex,Y,1,3,1,1,0,124500
RL,1363,AllPub,5,1951, ,GasA,Ex,Y,1,2,1,1,0,164900
RL,1368,AllPub,7,2005,1368,GasA,Ex,Y,2,2,1,2,0,202665
RL,864,AllPub,5,1958,864,GasA,TA,Y,1,3,1,2,0,129900
RL,1080,AllPub,6,1983,1084,GasA,TA,Y,1,3,1,2,0,134000
RL,789,AllPub,5,1926,768,Grav,Fa,N,1,2,1,1,0,96500
RL,2020,AllPub,10,2009,2006,GasA,Ex,Y,2,3,1,3,0,402861
RL,2119,AllPub,6,1972,689,GasA,TA,Y,2,3,1,2,0,158000
RL,2344,AllPub,7,1996,1264,GasA,Ex,Y,2,3,1,3,0,265000
RL,1796,AllPub,6,1998,794,GasA,Ex,Y,2,3,1,2,0,211000
RL,2080,AllPub,7,1926,1276,GasA,Ex,Y,1,3,1,1,0,234000
RL,1294,AllPub,4,1900,0,GasA,TA,N,2,3,2,0,0,106250
RL,1244,AllPub,6,1957,1244,GasA,Ex,Y,1,3,1,1,0,150000
RM,1664,AllPub,6,1947,1004,GasA,Ex,Y,2,3,1,2,0,159000
RL,4676,AllPub,10,2007,3138,GasA,Ex,Y,3,3,1,3,0,184750
RL,2398,AllPub,7,1996,1379,GasA,Ex,Y,2,3,1,3,0,315750
FV,1266,AllPub,7,2005,1257,GasA,,Y,2,3,1,2,0,176000
RL,928,AllPub,5,1956,928,GasA,TA,Y,1,2,1,1,0,132000
RL,2713,AllPub,9,2008, ,GasA,Ex,Y,2,3,1,3,0,446261
RL,605,AllPub,4,1920,528,GasA,Ex,Y,1,2,1,0,0,86000
RL,2515,AllPub,6,1957,2035,GasA,TA,Y,3,4,2,2,0,200624
RL,1509,AllPub,6,1988,1461,GasA,Ex,Y,2,3,1,2,0,175000
RM,1362,AllPub,6,1920,611,GasA,Ex,Y,2,3,1,2,0,128000
RL,827,AllPub,5,1955,0,GasA,Ex,Y,1,2,1,1,0,107500
RL,334,AllPub,1,1946,0,GasA,Fa,N,1,1,1,0,0,39300
RL,1414,AllPub,8,2004,707,GasA,Ex,Y,2,3,1,2,0,178000
RL,1347,AllPub,5,1910,1117,GasA,TA,Y,1,3,1,0,0,107500
RL,1724,AllPub,7,1998,880,GasA,Ex,Y,2,3,1,2,0,188000
RL,864,AllPub,4,1972,864,GasA,TA,Y,1,3,1,2,0,111250
RL,1159,AllPub,5,1968,1051,GasA,TA,Y,1,3,1,1,0,158000
RL,1601,AllPub,8,2001,1581,GasA,Ex,Y,2,3,1,2,0,272000
RL,1838,AllPub,9,2006,1838,GasA,Ex,Y,2,2,1,3,0,315000
RL,2285,AllPub,8,2000,969,GasA,,Y,2,4,1,3,0,248000
RL,1680,AllPub,7,1998,1650,GasA,Ex,Y,2,3,1,2,0,213250
RH,767,AllPub,7,1998,723,GasA,Ex,Y,1,1,1,1,0,133000
RL,1496,AllPub,7,2006,654,GasA,Ex,Y,2,3,1,2,0,179665
RL,2183,AllPub,7,1988,1204,GasA,Gd,Y,2,4,1,3,0,229000
RL,1635,AllPub,6,1923,1065,GasA,Ex,Y,1,3,1,2,0,210000
RL,768,AllPub,5,1970,768,GasA,Ex,Y,1,2,1,2,0,129500
RM,825,AllPub,5,1955,825,GasA,,Y,1,2,1,2,0,125000
FV,2094,AllPub,7,2003,912,GasA,Ex,Y,2,4,1,2,0,263000
RL,1069,AllPub,6,1977,1069,GasA,,Y,2,2,1,2,0,140000
RM,928,AllPub,5,1957,928,GasA,Gd,Y,1,3,1,1,0,112500
RL,1717,AllPub,8,2006,1709,GasA,Ex,Y,2,3,1,3,0,255500
RL,1126,AllPub,4,1949,0,GasA,Ex,Y,2,2,1,2,0,108000
RL,2046,AllPub,7,2003,998,GasA,Ex,Y,2,3,1,3,0,284000
RM,1048,AllPub,5,1922,993,GasA,TA,Y,1,2,1,1,0,113000
RL,1092,AllPub,5,1957,1092,GasA,TA,Y,1,2,1,1,0,141000
C (all),1336,AllPub,4,1920,637,GasA,Gd,Y,1,3,1,1,0,108000
RL,1446,AllPub,7,1996,729,GasA,Ex,Y,2,3,1,2,0,175000
RL,1557,AllPub,7,2003,1374,GasA,Ex,Y,2,2,1,2,0,234000
RL,1392,AllPub,5,1957,1392,GasA,TA,Y,1,3,1,2,0,121500
RL,1389,AllPub,5,1974,1389,GasA,Gd,Y,1,2,1,2,0,170000
RL,996,AllPub,5,1940,996,GasA,Ex,Y,1,3,1,0,0,108000
RL,1674,AllPub,6,1918,1163,GasA,Ex,Y,2,4,1,2,0,185000
RL,2295,AllPub,7,1992,1095,GasA,Ex,Y,2,4,1,2,0,268000
RL,1647,AllPub,6,1915,806,GasA,TA,N,1,4,1,1,0,128000
RL,2504,AllPub,9,2005,1122,GasA,Ex,Y,2,4,1,3,0,325000
RL,1535,AllPub,7,2004,1517,GasA,,Y,2,3,1,2,0,214000
RL,2132,AllPub,8,1983,1496,GasA,Ex,Y,1,1,1,2,0,316600
RL,943,AllPub,5,1979,943,GasA,TA,Y,1,2,1,2,0,135960
RL,1728,AllPub,5,1965,1728,GasA,TA,Y,2,6,2,2,0,142600
RL,864,AllPub,6,1959,864,GasA,Ex,Y,1,2,1,1,0,120000
RL,1692,AllPub,7,2009,846,GasA,Gd,Y,2,3,1,2,0,224500
RL,1430,AllPub,7,2000,384,GasA,Ex,Y,2,3,1,2,0,170000
RL,1109,AllPub,5,1971,372,GasA,TA,Y,1,3,1,1,0,139000
RL,1216,AllPub,5,1947,832,GasA,,Y,1,2,1,1,0,118500
RL,1477,AllPub,7,1928,861,GasA,Gd,Y,2,3,1,1,0,145000
RL,1320,AllPub,5,1966,1164,GasA,Ex,Y,1,3,1,2,0,164500
FV,1392,AllPub,7,2007,689,GasA,Ex,Y,2,2,1,2,0,146000
RM,1795,AllPub,5,1954,1050,GasA,,N,2,4,1,1,0,131500
RL,1429,AllPub,6,1960,1144,GasA,Ex,Y,1,3,1,2,0,181900
RL,2042,AllPub,8,2008,2042,GasA,Ex,Y,2,3,1,3,0,253293
RL,816,AllPub,6,1990,816,GasA,TA,Y,1,3,1,0,0,118500
RM,2775,AllPub,10,1893,1237,GasA,Gd,Y,3,3,1,2,0,325000
RM,1573,AllPub,4,1935,884,GasA,Ex,Y,1,3,1,1,0,133000
RL,2028,AllPub,8,2005,1868,GasA,Ex,Y,2,2,1,3,0,369900
RL,838,AllPub,6,1918,816,GasA,Ex,Y,1,2,1,1,0,130000
RL,860,AllPub,5,1982,840,GasA,TA,Y,1,2,1,2,0,137000
RL,1473,AllPub,5,1968,1437,GasA,,Y,1,1,1,1,0,143000
RM,935,AllPub,5,1930,742,GasA,TA,Y,1,2,1,1,0,79500
RL,1582,AllPub,7,2004,770,GasA,Ex,Y,2,3,1,2,0,185900
RL,2296,AllPub,10,2008,1722,GasA,Ex,Y,2,3,1,3,0,451950
RL,816,AllPub,5,1982,816,GasA,Ex,Y,1,2,1,2,0,138000
RM,848,AllPub,6,2003,848,GasA,Ex,Y,1,1,1,2,0,140000
RL,924,AllPub,5,1975,924,GasA,TA,Y,1,3,1,1,0,110000
RL,1826,AllPub,8,2005,1814,GasA,Ex,Y,2,3,1,3,0,319000
RM,1368,AllPub,6,1910,684,GasA,Ex,N,1,3,1,1,0,114504
RL,1402,AllPub,7,2006, ,GasA,Ex,Y,0,2,1,3,0,194201
RL,1647,AllPub,5,1977,1430,GasA,Ex,Y,2,3,1,2,0,217500
RM,1556,AllPub,6,1980,716,GasA,TA,Y,2,3,1,2,0,151000
RL,1904,AllPub,8,2005,1058,GasA,Ex,Y,2,3,1,2,0,275000
RM,1375,AllPub,6,1937,780,GasA,TA,Y,1,3,1,1,0,141000
RL,1915,AllPub,8,1992,908,GasA,Ex,Y,2,3,1,2,0,220000
FV,1200,AllPub,7,2004,600,GasA,Ex,Y,2,2,1,2,0,151000
RL,1494,AllPub,7,2002,1494,GasA,Ex,Y,2,3,1,2,0,221000
RL,1986,AllPub,7,1965,768,GasA,,Y,2,3,1,2,0,205000
RL,1040,AllPub,5,1996,1040,GasA,Gd,Y,1,3,1,2,0,152000
RL,2008,AllPub,5,1948,896,GasA,Ex,Y,3,3,1,1,0,225000
RL,3194,AllPub,8,1934,965,GasA,TA,Y,2,4,1,2,0,359100
RL,1029,AllPub,4,1961,1029,GasA,Gd,Y,1,3,1,1,0,118500
RL,2153,AllPub,9,2000,1440,GasA,Ex,Y,2,3,1,3,0,313000
RL,1032,AllPub,6,1978,1032,GasA,TA,Y,2,3,1,2,0,148000
RL,1872,AllPub,8,2001,1299,GasA,Ex,Y,2,3,1,2,0,261500
RL,1120,AllPub,5,2007,1120,GasA,Ex,Y,1,3,1,0,0,147000
RM,630,AllPub,4,1972,630,GasA,,Y,1,1,1,0,0,75500
RL,1054,AllPub,6,1963,936,GasA,Ex,Y,1,3,1,2,0,137500
RL,1509,AllPub,6,2002,783,GasA,Ex,Y,2,3,1,2,0,183200
RL,832,AllPub,6,1954,832,GasA,Gd,Y,1,2,1,2,0,105500
RL,1828,AllPub,9,2007,1822,GasA,Ex,Y,2,3,1,3,0,314813
RL,2262,AllPub,8,2003,1482,GasA,Ex,Y,2,4,1,3,0,305000
RL,864,AllPub,3,1914,864,GasA,TA,N,1,2,1,0,0,67000
RL,2614,AllPub,6,1974,1522,GasA,TA,Y,2,4,1,2,0,240000
RL,980,AllPub,5,1977,980,GasA,TA,Y,1,3,1,2,0,135000
FV,1512,AllPub,6,2000,756,GasA,Ex,Y,2,2,1,2,0,168500
RL,1790,AllPub,6,1972,732,GasA,Gd,Y,1,4,1,2,0,165150
RL,1116,AllPub,6,1962, ,GasA,TA,Y,1,3,1,2,0,160000
RL,1422,AllPub,5,1960,978,GasA,TA,Y,1,3,1,1,0,139900
RL,1520,AllPub,6,1955,1156,GasA,Ex,Y,1,3,1,1,0,153000
RL,2080,AllPub,5,1969,1040,GasA,TA,Y,1,5,1,2,0,135000
RL,1350,AllPub,6,1964, ,GasA,TA,Y,1,3,1,2,0,168500
RM,1750,AllPub,5,1880,636,GasA,TA,Y,1,3,1,1,0,124000
RL,1554,AllPub,8,2006,1554,GasA,Ex,Y,2,2,1,2,0,209500
RL,1411,AllPub,7,1977,1386,GasA,TA,Y,2,3,1,2,0,82500
RL,1056,AllPub,5,1954,1056,GasA,TA,Y,1,3,1,1,0,139400
RL,1056,AllPub,6,1980,1056,GasA,Gd,Y,0,0,2,2,0,144000
RH,3395,AllPub,6,1914,1440,GasA,Ex,Y,2,8,2,0,0,200000
RM,800,AllPub,2,1936,264,Grav,Fa,N,1,1,1,0,0,60000
RM,1387,AllPub,5,1954,811,GasA,,Y,2,3,2,1,0,93000
RL,796,AllPub,5,1910,796,GasA,Gd,Y,1,2,1,0,0,85000
RL,1567,AllPub,8,2006,1520,GasA,Ex,Y,2,1,1,3,0,264561
RL,1518,AllPub,8,2003,1518,GasA,Ex,Y,1,1,1,2,0,274000
FV,1929,AllPub,7,2001,1057,GasA,Ex,Y,2,3,1,2,0,226000
RL,2704,AllPub,8,1972,1952,GasA,Gd,Y,2,4,1,2,0,345000
RL,1620,AllPub,5,1969,780,GasA,Ex,Y,2,4,1,2,0,152000
FV,1766,AllPub,9,2009,1766,GasA,Ex,Y,2,2,1,3,0,370878
RL,981,AllPub,6,1971,981,GasA,TA,Y,1,3,1,2,0,143250
RL,1048,AllPub,5,1950,0,GasA,Gd,Y,1,3,1,2,0,98300
RL,1094,AllPub,6,1953,1094,GasA,Ex,Y,1,3,1,2,0,155000
RL,1839,AllPub,6,1966,756,GasA,TA,Y,1,4,1,2,0,155000
RM,630,AllPub,4,1970,630,GasA,Gd,Y,1,1,1,0,0,84500
FV,1665,AllPub,7,2007,813,GasA,Ex,Y,2,3,1,2,0,205950
RL,1510,AllPub,4,1940,755,GasA,TA,Y,1,4,1,1,0,108000
RL,1716,AllPub,7,1996,880,GasA,Ex,Y,2,2,1,2,0,191000
RM,1469,AllPub,6,1906,756,GasA,Ex,Y,1,3,1,1,0,135000
RL,2113,AllPub,8,1995,2109,GasA,Ex,Y,2,2,1,3,0,350000
RM,1092,AllPub,6,1971,525,GasA,TA,Y,1,3,1,1,0,88000
RL,1053,AllPub,5,1959,1053,GasA,Ex,Y,1,3,1,1,0,145500
RL,1502,AllPub,7,1931,776,GasA,TA,Y,1,3,1,1,0,149000
RL,1458,AllPub,6,1948,912,GasA,TA,Y,1,3,1,1,0,97500
RL,1486,AllPub,5,1964,1486,GasA,Ex,Y,1,3,1,2,0,167000
RL,1935,AllPub,7,1976, ,GasA,TA,Y,2,3,1,2,0,197900
RL,2448,AllPub,8,1994,1629,GasA,Ex,Y,2,4,1,3,0,402000
RL,1392,AllPub,6,1968,1392,GasA,Gd,Y,1,2,1,2,0,110000
RL,1181,AllPub,4,1972,1138,GasA,TA,Y,2,3,1,2,0,137500
RL,2097,AllPub,8,2005,2077,GasA,Ex,Y,1,1,1,3,0,423000
RL,1936,AllPub,8,2000,1406,GasA,Ex,Y,2,3,1,2,0,230500
RL,2380,AllPub,6,1965,1021,GasA,TA,Y,2,3,1,2,0,129000
RL,1679,AllPub,6,1994,1408,GasA,Ex,Y,2,3,1,2,0,193500
RL,1437,AllPub,5,1956,1188,GasA,Gd,Y,1,3,1,2,0,168000
RL,1180,AllPub,4,1922,700,GasA,Ex,Y,1,2,1,1,0,137500
RL,1476,AllPub,6,2005,738,GasA,Ex,Y,2,3,1,2,0,173500
RH,1369,AllPub,6,1925,672,GasA,TA,N,2,3,1,1,0,103600
RL,1208,AllPub,6,1977,1208,GasA,TA,Y,1,3,1,2,0,165000
RL,1839,AllPub,6,1957,1477,GasA,Ex,Y,2,3,1,2,0,257500
RL,1136,AllPub,6,1965,1136,GasA,TA,Y,1,3,1,1,0,140000
RL,1441,AllPub,6,1978,855,GasA,TA,Y,2,3,1,2,0,148500
RM,1774,AllPub,4,1900,1095,GasW,,N,2,4,2,3,0,87000
RL,792,AllPub,5,1924,768,GasA,Ex,Y,1,2,1,1,0,109500
RL,2046,AllPub,8,2008,2046,GasA,Ex,Y,2,3,1,3,0,372500
RL,988,AllPub,5,1961,988,GasA,TA,Y,1,3,1,2,0,128500
RL,923,AllPub,6,1980,923,GasA,TA,Y,2,2,1,1,0,143000
RH,1520,AllPub,5,1932,793,GasA,,Y,1,3,1,1,0,159434
RL,1291,AllPub,6,1996,1291,GasA,Ex,Y,1,2,1,2,0,173000
RL,1668,AllPub,9,2002,1626,GasA,,Y,2,3,1,3,0,285000
RL,1839,AllPub,7,1998, ,GasA,Gd,Y,2,4,1,2,0,221000
RL,2090,AllPub,7,1984,1190,GasA,Gd,Y,2,3,1,2,0,207500
FV,1761,AllPub,7,2007,874,GasA,,Y,3,3,1,2,0,227875
FV,1102,AllPub,7,2004,551,GasA,Ex,Y,2,2,1,2,0,148800
RL,1419,AllPub,8,2007,1419,GasA,Ex,Y,2,2,1,2,0,392000
RL,1362,AllPub,6,2005,1362,GasA,Ex,Y,2,2,1,2,0,194700
RM,848,AllPub,6,2004,848,GasA,Ex,Y,1,1,1,2,0,141000
RL,4316,AllPub,10,1994,2444,GasA,Ex,Y,3,4,1,3,0,755000
RL,2519,AllPub,7,1989,1210,GasA,Ex,Y,2,4,1,2,0,335000
RL,1073,AllPub,5,1921,1073,GasA,,Y,1,2,1,1,0,108480
RM,1539,AllPub,5,1936,927,GasA,TA,Y,1,3,1,2,0,141500
RL,1137,AllPub,6,1987,1112,GasA,Gd,Y,2,2,1,2,0,176000
RM,616,AllPub,5,1921,616,GasA,Gd,Y,1,2,1,1,0,89000
RL,1148,AllPub,5,1952,980,GasA,Fa,Y,1,2,1,1,0,123500
RL,894,AllPub,5,1965,894,GasA,Ex,Y,1,3,1,1,0,138500
FV,1391,AllPub,7,2004,1391,GasA,,Y,2,2,1,2,0,196000
RL,1800,AllPub,8,2002,1800,GasA,Ex,Y,2,3,1,3,0,312500
RL,1164,AllPub,7,1969,1164,GasA,TA,Y,1,3,1,2,0,140000
RL,2576,AllPub,8,2006,1234,GasA,Ex,Y,2,4,1,3,0,361919
RM,1812,AllPub,5,1900,360,GasA,Gd,Y,2,4,2,2,0,140000
RL,1484,AllPub,7,2004,1473,GasA,Ex,Y,2,3,1,2,0,213000
RM,1092,AllPub,4,1930,0,GasA,Fa,N,2,3,2,0,0,55000
RL,1824,AllPub,7,1971,1643,GasA,TA,Y,2,2,1,2,0,302000
RL,1324,AllPub,8,2006,1324,GasA,Ex,Y,2,2,1,2,0,254000
RL,1456,AllPub,7,2007,728,GasA,Ex,Y,2,3,1,2,0,179540
RL,904,AllPub,5,1966,876,GasA,TA,Y,1,3,1,1,0,109900
RL,729,AllPub,3,1935, ,GasA,Gd,Y,1,2,1,0,0,52000
C (all),1178,AllPub,4,1900,859,GasA,Gd,Y,1,2,1,1,0,102776
RL,1228,AllPub,8,1988,1228,GasA,Gd,Y,2,2,1,2,0,189000
RL,960,AllPub,4,1970,960,GasW,TA,N,1,3,1,2,0,129000
RL,1479,AllPub,6,1976,725,GasA,Ex,Y,2,3,1,2,0,130500
RL,1350,AllPub,6,1974,1064,GasA,TA,Y,2,3,1,2,0,165000
RM,2554,AllPub,7,1890,718,GasA,Ex,Y,1,3,1,2,0,159500
RL,1178,AllPub,5,1973,1176,GasA,Gd,Y,1,3,1,2,0,157000
RL,2418,AllPub,7,1993,1311,GasA,Ex,Y,2,3,1,3,0,341000
RL,971,AllPub,5,1969, ,GasA,,Y,1,3,1,1,0,128500
RL,1742,AllPub,8,1985,1742,GasA,TA,Y,2,2,1,2,0,275000
RM,848,AllPub,6,2004, ,GasA,Ex,Y,1,1,1,2,0,143000
RL,864,AllPub,4,1970,864,GasA,Ex,Y,1,3,1,2,0,124500
RL,1470,AllPub,4,1954,941,GasA,Ex,Y,2,4,1,1,0,135000
RL,1698,AllPub,9,2007,1698,GasA,Ex,Y,2,3,1,3,0,320000
RL,864,AllPub,4,1970,864,GasA,TA,Y,1,3,1,2,0,120500
RL,1680,AllPub,6,1988,880,GasA,Ex,Y,2,3,1,2,0,222000
RL,1232,AllPub,7,2007, ,GasA,Ex,Y,2,2,1,2,0,194500
RL,1776,AllPub,5,1958,1584,GasA,TA,Y,2,4,2,3,0,110000
RM,1208,AllPub,4,1925,780,GasA,TA,Y,1,2,1,2,0,103000
RL,1616,AllPub,8,1995,1595,GasA,Ex,Y,2,2,1,2,0,236500
RL,1146,AllPub,7,2003,868,GasA,Ex,Y,2,3,1,2,0,187500
RL,2031,AllPub,7,1998,1153,GasA,Ex,Y,2,3,1,2,0,222500
RL,1144,AllPub,5,1961,864,GasA,Ex,Y,1,3,1,1,0,131400
RL,948,AllPub,5,1968,948,GasA,TA,Y,1,3,1,1,0,108000
RM,1768,AllPub,7,1914,880,GasW,Fa,N,1,2,1,2,0,163000
RL,1040,AllPub,3,1950,0,GasA,Gd,N,2,2,2,2,0,93500
RL,1801,AllPub,8,2005,893,GasA,Ex,Y,2,3,1,3,0,239900
RL,1200,AllPub,5,1987,1200,GasA,TA,Y,3,3,1,0,0,179000
RL,1728,AllPub,7,2004,864,GasA,Ex,Y,2,3,1,2,0,190000
RM,1432,AllPub,5,1910,264,GasA,Ex,Y,2,2,1,2,0,132000
RL,912,AllPub,6,1961,912,GasA,Gd,Y,1,3,1,1,0,142000
RL,1349,AllPub,7,2000,1349,GasA,Ex,Y,2,3,1,2,0,179000
RL,1464,AllPub,5,1963, ,GasA,Ex,Y,2,3,1,2,0,175000
RL,1337,AllPub,8,1993,1337,GasA,Gd,Y,2,2,1,2,0,180000
RL,2715,AllPub,8,1976,1142,GasA,Ex,Y,3,4,1,2,0,299800
RL,2256,AllPub,7,2000,952,GasA,Ex,Y,2,4,1,2,0,236000
RM,2640,AllPub,7,1880,1240,GasW,TA,N,1,4,1,4,0,265979
RL,1720,AllPub,7,1996,1720,GasA,Ex,Y,2,3,1,2,0,260400
RL,1529,AllPub,4,1945,0,Wall,,N,2,4,1,1,0,98000
RM,1140,AllPub,4,1910,576,GasA,Gd,Y,1,3,1,0,0,96500
RL,1320,AllPub,7,2003,660,GasA,Ex,Y,2,3,1,2,0,162000
RL,1494,AllPub,6,1997,1479,GasA,Ex,Y,2,3,1,2,0,217000
RL,2098,AllPub,8,2005,1030,GasA,Gd,Y,2,3,1,3,0,275500
RL,1026,AllPub,6,1969,1026,GasA,Gd,Y,1,3,1,2,0,156000
FV,1471,AllPub,6,1999,729,GasA,Gd,Y,2,3,1,2,0,172500
RL,1768,AllPub,8,2007,866,GasA,Ex,Y,2,3,1,2,0,212000
RL,1386,AllPub,6,1978,672,GasA,TA,Y,2,3,1,2,0,158900
FV,1501,AllPub,7,1999,744,GasA,Gd,Y,2,3,1,2,0,179400
RL,2531,AllPub,8,1995,1318,GasA,Ex,Y,2,4,1,3,0,290000
RL,864,AllPub,6,1959,864,GasA,Ex,Y,1,2,1,1,0,127500
RM,1301,AllPub,5,1924,1145,GasA,TA,Y,1,2,1,2,0,100000
FV,1547,AllPub,7,2009,756,GasA,Ex,Y,2,3,1,2,0,215200
RL,2365,AllPub,8,1999,1252,GasA,Ex,Y,2,3,1,3,0,337000
RL,1494,AllPub,8,1995,1494,GasA,Ex,Y,1,2,1,2,0,270000
RL,1506,AllPub,9,2008,1498,GasA,Ex,Y,2,2,1,2,0,264132
RL,1714,AllPub,7,1988,980,GasA,TA,Y,2,3,1,2,0,196500
RL,1750,AllPub,6,1940,983,GasA,Ex,Y,2,4,1,1,0,160000
RL,1836,AllPub,7,2004,1860,GasA,Ex,Y,2,3,1,2,0,216837
RL,3279,AllPub,8,2003,1650,GasA,Ex,Y,3,4,1,3,0,538000
RL,858,AllPub,5,1982,858,GasA,TA,Y,1,2,1,2,0,134900
RL,1220,AllPub,4,1951,836,GasA,TA,Y,1,2,1,2,0,102000
RL,1117,AllPub,6,1976,1029,GasA,TA,Y,1,3,1,2,0,107000
RL,912,AllPub,5,1958,912,GasA,Ex,Y,1,2,1,1,0,114500
RL,1973,AllPub,8,2006,1935,GasA,Gd,Y,2,3,1,3,0,395000
RM,1204,AllPub,6,1998,1204,GasA,Ex,Y,2,2,1,2,0,162000
RL,1614,AllPub,7,2005,1614,GasA,Ex,Y,2,3,1,3,0,221500
RL,894,AllPub,5,1974,864,GasA,TA,Y,1,3,1,2,0,142500
RH,2020,AllPub,5,1977,0,GasA,TA,Y,2,4,2,2,0,144000
RL,1004,AllPub,6,1977,975,GasA,TA,Y,1,2,1,2,0,135000
RL,1253,AllPub,7,1995,1237,GasA,Gd,Y,2,3,1,2,0,176000
RL,1603,AllPub,6,1992, ,GasA,Ex,Y,2,3,1,2,0,175900
RL,1430,AllPub,7,2001,1413,GasA,Ex,Y,2,3,1,2,0,187100
RL,1110,AllPub,5,1978,1097,GasA,Ex,Y,1,1,1,2,0,165500
RM,1484,AllPub,6,1914,742,GasA,Ex,Y,2,3,1,0,0,128000
RL,1342,AllPub,6,1967,1372,GasA,TA,Y,2,3,1,2,0,161500
RM,1652,AllPub,5,1915,686,GasA,TA,Y,2,4,1,1,0,139000
RL,2084,AllPub,7,2004,956,GasA,Ex,Y,2,4,1,2,0,233000
RM,901,AllPub,4,1954,901,GasA,,Y,1,2,1,1,0,107900
RL,2087,AllPub,6,1966,832,GasA,,Y,2,5,1,2,0,187500
RL,1145,AllPub,7,2005,1145,GasA,Ex,Y,2,2,1,2,0,160200
RL,1062,AllPub,6,1976,1029,GasA,TA,Y,1,3,1,2,0,146800
RL,2013,AllPub,7,1996,1117,GasA,Ex,Y,2,3,1,2,0,269790
RL,1496,AllPub,8,2007,1496,GasA,Ex,Y,2,3,1,2,0,225000
RL,1895,AllPub,7,1994,712,GasA,Ex,Y,2,3,1,2,0,194500
RL,1564,AllPub,6,1980,650,GasA,TA,Y,2,3,1,2,0,171000
RL,1285,AllPub,6,1977, ,GasA,Ex,Y,1,3,1,2,0,143500
RL,773,AllPub,5,1953,773,GasA,Gd,Y,1,2,1,1,0,110000
RL,3140,AllPub,9,2008,1926,GasA,Ex,Y,3,4,1,3,0,485000
RL,1768,AllPub,5,1937,731,GasA,Ex,Y,1,3,1,1,0,175000
RL,1688,AllPub,6,1997, ,GasA,Gd,Y,2,4,1,2,0,200000
RM,1196,AllPub,4,1916,1196,GasA,Ex,Y,1,2,1,2,0,109900
RL,1456,AllPub,7,2005,728,GasA,Ex,Y,2,3,1,2,0,189000
RL,2822,AllPub,9,2008,1734,GasA,Ex,Y,3,4,1,3,0,582933
RL,1128,AllPub,5,1954,936,GasA,TA,Y,1,2,1,1,0,118000
RL,1428,AllPub,7,2008,1417,GasA,Ex,Y,2,3,1,2,0,227680
RL,980,AllPub,5,1967, ,GasA,Gd,Y,2,3,1,1,0,135500
RL,1576,AllPub,5,1923,1324,GasA,Ex,Y,1,3,1,2,0,223500
RL,1086,AllPub,5,1966,1024,GasA,TA,Y,1,3,1,2,0,159950
RM,2138,AllPub,5,1898,849,GasA,TA,N,2,2,3,2,0,106000
RL,1309,AllPub,6,1974,1040,GasA,Fa,Y,1,3,1,2,648,181000
RM,848,AllPub,6,2004,848,GasA,Ex,Y,1,1,1,2,0,144500
C (all),1044,AllPub,5,1952,540,GasA,TA,N,1,2,1,2,0,55993
RL,1442,AllPub,6,1958,1442,GasA,Gd,Y,1,4,1,1,0,157900
RL,1250,AllPub,5,1918,686,GasW,Gd,Y,1,3,1,1,0,116000
RL,1661,AllPub,7,1998,1649,GasA,,Y,2,3,1,2,0,224900
RL,1008,AllPub,5,1954,1008,GasA,Gd,Y,1,2,1,1,0,137000
RL,1689,AllPub,8,2002,1568,GasA,,Y,2,3,1,3,0,271000
RL,1052,AllPub,6,1971,1010,GasA,Gd,Y,1,3,1,2,0,155000
RL,1358,AllPub,7,2009,1358,GasA,Ex,Y,2,2,1,2,0,224000
RL,1640,AllPub,7,2003,798,GasA,Ex,Y,2,3,1,2,0,183000
RM,936,AllPub,4,1953,936,GasA,TA,N,1,2,1,2,0,93000
RL,1733,AllPub,7,2003,847,GasA,Ex,Y,2,3,1,2,0,225000
RL,1489,AllPub,6,1940,778,GasA,TA,Y,2,3,1,1,0,139500
FV,1489,AllPub,8,2006,1489,GasA,Ex,Y,2,3,1,2,0,232600
RL,2084,AllPub,10,2007,2078,GasA,Ex,Y,2,2,1,3,0,385000
RM,784,AllPub,5,1924,784,GasA,Gd,Y,1,2,1,0,0,109500
RL,1434,AllPub,7,2001,1454,GasA,Ex,Y,2,3,1,2,0,189000
RL,2126,AllPub,5,1967,1013,GasA,,Y,2,3,1,2,0,185000
FV,1223,AllPub,7,2005,600,GasA,Ex,Y,2,2,1,2,0,147400
RL,1392,AllPub,6,1957,1392,GasA,,Y,1,3,1,2,0,166000
FV,1200,AllPub,7,2005,600,GasA,Ex,Y,2,2,1,2,0,151000
RL,1829,AllPub,7,2003,941,GasA,Ex,Y,2,3,1,2,0,237000
RL,1516,AllPub,6,1964,1516,GasA,TA,Y,1,3,1,2,0,167000
RL,1144,AllPub,5,1961,1144,GasA,Gd,Y,1,3,1,2,0,139950
RL,1067,AllPub,4,1950,1067,GasA,TA,Y,2,2,1,2,0,128000
RM,1559,AllPub,5,1948,1559,GasA,Gd,Y,1,2,1,2,0,153500
RM,987,AllPub,6,1973,483,GasA,TA,Y,1,2,1,1,0,100000
RL,1099,AllPub,5,1995,1099,GasA,Ex,Y,1,3,1,1,0,144000
RL,1200,AllPub,5,1946,768,GasA,Ex,Y,1,3,1,1,0,130500
RH,1482,AllPub,6,1925,672,GasA,TA,N,2,4,1,1,0,140000
RM,1539,AllPub,5,1904,650,GasA,Gd,Y,2,3,1,2,0,157500
RL,1165,AllPub,6,1966,1127,GasA,TA,Y,1,3,1,2,0,174900
RL,1800,AllPub,5,1961,1800,GasA,Ex,N,2,6,2,0,0,141000
RM,1416,AllPub,5,1915,876,GasA,Gd,Y,1,4,1,3,0,153900
RL,1701,AllPub,5,1975,1390,GasA,TA,Y,2,3,1,2,0,171000
RL,1775,AllPub,7,1993,740,GasA,Ex,Y,2,3,1,2,0,213000
RL,864,AllPub,5,1972,864,GasA,Ex,Y,1,3,1,1,0,133500
RL,2358,AllPub,6,1908,907,GasA,TA,Y,3,5,1,2,0,240000
RL,1855,AllPub,6,1976,528,GasA,,Y,2,3,1,2,0,187000
RM,848,AllPub,6,2003,848,GasA,Ex,Y,1,1,1,2,0,131500
RL,1456,AllPub,8,2003,1273,GasA,Ex,Y,2,2,1,2,0,215000
RL,1646,AllPub,7,1941,918,GasA,Gd,Y,2,4,1,1,0,164000
RL,1445,AllPub,6,1964,1127,GasA,TA,Y,1,3,1,2,0,158000
RL,1779,AllPub,5,1955,1763,GasA,TA,Y,1,3,1,2,0,170000
RL,1040,AllPub,5,1962,1040,GasA,Ex,Y,1,3,1,1,0,127000
RL,1026,AllPub,6,1978,940,GasA,TA,Y,1,3,1,2,0,147000
RL,1481,AllPub,6,1994,702,GasA,Gd,Y,2,3,1,2,0,174000
RL,1370,AllPub,7,1976,1090,GasA,TA,Y,2,3,1,2,0,152000
RL,2654,AllPub,6,1968,1054,GasA,TA,Y,2,4,1,2,0,250000
RL,1426,AllPub,7,1918,912,GasA,Gd,Y,1,3,1,1,0,189950
RL,1039,AllPub,5,1965,1039,GasA,,Y,1,3,1,2,0,131500
RL,1097,AllPub,6,1984,1040,GasA,TA,Y,2,3,1,2,0,152000
RL,1148,AllPub,5,1959,1148,GasA,TA,Y,1,3,1,1,0,132500
FV,1372,AllPub,7,2007,1372,GasA,Ex,Y,2,3,1,2,0,250580
RL,1002,AllPub,5,1970,1002,GasA,TA,Y,1,3,1,2,0,148500
RL,1646,AllPub,8,2006,1638,GasA,,Y,2,3,1,3,0,248900
RL,1120,AllPub,4,1961,1040,GasA,TA,Y,1,3,1,2,0,129000
RL,2320,AllPub,5,1948,0,GasA,Gd,Y,2,2,1,2,0,169000
RL,1949,AllPub,7,1993,1050,GasA,Ex,Y,2,3,1,2,0,236000
RL,894,AllPub,5,1962,894,GasA,Gd,N,1,2,1,1,0,109500
RL,1682,AllPub,6,1998,804,GasA,Ex,Y,2,3,1,2,0,200500
RL,910,AllPub,5,1953,105,GasA,Gd,Y,1,3,1,2,0,116000
RL,1268,AllPub,5,1949,832,GasA,Gd,Y,1,3,1,1,0,133000
RM,1131,AllPub,5,1941,676,GasA,Ex,Y,1,3,1,1,0,66500
FV,2610,AllPub,8,2007,1184,GasA,Ex,Y,2,4,1,2,0,303477
RL,1040,AllPub,4,1963,1064,GasA,Gd,Y,1,3,1,2,0,132250
RL,2224,AllPub,9,2004,1462,GasA,Ex,Y,2,4,1,3,0,350000
RL,1155,AllPub,5,1961,1109,GasA,TA,Y,1,3,1,2,0,148000
RL,864,AllPub,5,1978,864,GasA,Ex,Y,1,3,1,1,0,136500
RL,1090,AllPub,5,2005,1090,GasA,Gd,Y,1,2,1,2,0,157000
RL,1717,AllPub,7,1990,1156,GasA,Ex,Y,2,3,1,2,0,187500
RL,1593,AllPub,6,1992,808,GasA,Gd,Y,2,3,1,2,0,178000
RL,2230,AllPub,4,1912,795,GasA,TA,N,1,5,1,1,0,118500
RL,892,AllPub,5,1967,892,GasA,TA,Y,1,3,1,1,0,100000
FV,1709,AllPub,9,1999,1698,GasA,Ex,Y,2,2,1,2,0,328900
RL,1712,AllPub,5,1959,1626,GasA,Ex,Y,2,4,2,2,0,145000
RL,1393,AllPub,5,1955,816,GasA,TA,Y,1,3,1,1,0,135500
RL,2217,AllPub,8,1970,2217,GasA,Ex,Y,2,4,1,2,0,268000
RL,1505,AllPub,6,1953,1505,GasA,Ex,Y,1,2,1,2,0,149500
RL,924,AllPub,5,1949,672,GasA,Ex,Y,1,3,1,2,0,122900
RL,1683,AllPub,6,1978,918,GasA,Gd,Y,2,3,1,2,0,172500
RL,1068,AllPub,6,1963,1059,GasA,TA,Y,1,3,1,1,0,154500
RL,1383,AllPub,5,1954,1383,GasA,TA,Y,1,3,1,1,0,165000
RL,1535,AllPub,5,1979,0,GasA,TA,Y,2,4,2,2,0,118858
RL,1796,AllPub,6,1963,780,GasA,TA,Y,1,4,1,2,0,140000
RM,951,AllPub,4,1936,951,GasA,Ex,N,1,2,1,1,0,106500
RL,2240,AllPub,5,1979,0,GasA,TA,Y,2,6,2,2,0,142953
RL,2364,AllPub,9,2009,2330,GasA,Ex,Y,2,2,1,3,0,611657
RL,1236,AllPub,5,1961,912,GasA,TA,Y,1,3,1,1,0,135000
RL,858,AllPub,4,1971,858,GasA,TA,Y,1,2,1,1,0,110000
RL,1306,AllPub,5,1957,992,GasA,TA,Y,1,2,1,1,0,153000
RL,1509,AllPub,7,2003,783,GasA,Ex,Y,2,3,1,2,0,180000
RL,1670,AllPub,7,2006,1670,GasA,Ex,Y,2,3,1,3,0,240000
RL,902,AllPub,5,1967,876,GasA,TA,Y,1,3,1,1,0,125500
RL,1063,AllPub,5,1954,1056,GasA,TA,Y,1,3,1,1,0,128000
RL,1636,AllPub,8,2006,1623,GasA,Ex,Y,2,3,1,3,0,255000
RL,2057,AllPub,7,1936,1017,GasA,Gd,Y,1,3,1,1,0,250000
RL,902,AllPub,5,1983,864,GasA,TA,Y,1,2,1,2,0,131000
RL,1484,AllPub,6,2005,742,GasA,Ex,Y,2,3,1,2,0,174000
RL,2274,AllPub,5,1960,1105,GasA,TA,Y,2,5,2,2,0,154300
RL,1268,AllPub,5,1977,1268,GasA,TA,Y,1,3,1,1,0,143500
RM,1015,AllPub,5,1925,768,GasA,TA,N,1,3,1,1,0,88000
RH,2002,AllPub,5,1949,1001,GasA,,N,2,4,2,3,0,145000
FV,1224,AllPub,6,2009,612,GasA,Ex,Y,2,2,1,2,0,173733
RM,1092,AllPub,4,1970,546,GasA,Fa,Y,1,3,1,1,0,75000
C (all),480,AllPub,2,1949,480,GasA,TA,N,0,1,1,1,0,35311
RL,1229,AllPub,4,1956,1134,GasA,Ex,Y,1,3,1,1,0,135000
RL,2127,AllPub,7,1991,1104,GasA,Ex,Y,2,4,1,3,0,238000
RL,1414,AllPub,6,1958,1184,GasA,Ex,Y,1,3,1,2,0,176500
RL,1721,AllPub,6,1994,928,GasA,Ex,Y,2,3,1,2,0,201000
RL,2200,AllPub,5,1900,1272,GasA,Gd,Y,2,4,2,0,0,145900
RL,1316,AllPub,6,2005,1316,GasA,Ex,Y,2,3,1,2,0,169990
RL,1617,AllPub,6,1993,1604,GasA,Ex,Y,2,2,1,2,0,193000
RL,1686,AllPub,6,1980,1686,GasA,TA,Y,2,3,1,2,0,207500
RL,1126,AllPub,5,1977,1126,GasA,TA,Y,2,3,1,2,0,175000
RL,2374,AllPub,8,2003,1181,GasA,Ex,Y,2,4,1,3,0,285000
RL,1978,AllPub,7,1968,832,GasA,Gd,Y,2,4,1,2,0,176000
RL,1788,AllPub,8,2001,1753,GasA,Ex,Y,2,3,1,2,0,236500
RL,2236,AllPub,7,1997,964,GasA,,Y,2,4,1,2,0,222000
RL,1466,AllPub,8,2007,1466,GasA,Ex,Y,2,3,1,3,0,201000
RL,925,AllPub,5,1965,925,GasA,Ex,Y,1,2,1,1,0,117500
RL,1905,AllPub,9,2006,1905,GasA,Ex,Y,2,3,1,3,0,320000
RL,1500,AllPub,7,2004,1500,GasA,Ex,Y,2,3,1,2,0,190000
RL,2069,AllPub,7,1960,585,GasA,Ex,Y,2,4,1,2,0,242000
RL,747,AllPub,4,1926,600,GasA,Gd,Y,1,1,1,2,0,79900
RL,1200,AllPub,7,2003,1176,GasA,Ex,Y,2,2,1,2,0,184900
RL,1971,AllPub,7,2005,1113,GasA,Ex,Y,2,3,1,2,0,253000
RL,1962,AllPub,7,2006,1391,GasA,Ex,Y,2,3,1,3,0,239799
RL,2403,AllPub,7,1940,1032,GasA,Ex,Y,2,4,1,1,0,244400
RL,1728,AllPub,6,1976,1728,GasA,TA,Y,2,4,2,2,0,150900
RL,2060,AllPub,7,1999,992,GasA,Ex,Y,2,3,1,2,0,214000
RL,1440,AllPub,4,1977,1440,GasA,TA,Y,2,4,2,0,0,150000
RL,1632,AllPub,5,1967,1632,GasA,TA,Y,2,4,2,2,0,143000
RL,1344,NoSeWa,6,1958,819,GasA,Gd,Y,1,3,1,2,0,137500
RM,1869,AllPub,5,1890,1088,GasA,TA,Y,1,2,1,2,0,124900
RL,1144,AllPub,5,1959,1144,GasA,TA,Y,1,3,1,1,0,143000
RL,1629,AllPub,8,2002,1616,GasA,Ex,Y,2,3,1,3,0,270000
RL,1776,AllPub,7,2002,936,GasA,Ex,Y,2,3,1,2,0,192500
RL,1381,AllPub,6,1972,1161,GasA,TA,Y,1,3,1,2,0,197500
RL,864,AllPub,5,1950,864,GasA,Gd,Y,1,3,1,2,0,129000
RH,965,AllPub,5,1965,828,GasA,Gd,Y,1,3,1,1,0,119900
RL,768,AllPub,5,1972,768,GasA,Gd,Y,1,2,1,1,0,133900
RL,1968,AllPub,5,1969,784,GasA,Ex,Y,2,4,1,2,0,172000
RL,980,AllPub,6,1975,945,GasA,,Y,2,4,0,0,0,127500
RH,1958,AllPub,6,1946,979,GasA,TA,N,2,4,2,2,0,145000
RM,1229,AllPub,6,1980,561,GasA,TA,Y,1,2,1,2,0,124000
RL,1057,AllPub,5,1962,1057,GasA,TA,Y,1,3,1,2,0,132000
RL,1337,AllPub,7,2003,1337,GasA,Ex,Y,2,3,1,2,0,185000
FV,1416,AllPub,7,1999,696,GasA,Ex,Y,2,3,1,2,0,155000
RL,858,AllPub,5,1958,858,GasA,Gd,Y,1,2,1,0,0,116500
RL,2872,AllPub,6,1977,1330,GasA,TA,Y,2,4,1,2,0,272000
RL,1548,AllPub,6,1976,804,GasA,TA,Y,2,3,1,2,0,155000
RL,1800,AllPub,9,2007,1800,GasA,Ex,Y,2,2,1,2,0,239000
RL,1894,AllPub,7,2002,817,GasA,Ex,Y,2,4,1,2,0,214900
RL,1484,AllPub,6,2005,783,GasA,Ex,Y,2,3,1,2,0,178900
RL,1308,AllPub,5,1940,728,GasA,Ex,Y,1,2,1,1,0,160000
RL,1098,AllPub,5,1955,1098,GasA,TA,Y,1,3,1,1,0,135000
RM,968,AllPub,3,1910,600,Grav,Fa,N,1,2,1,0,0,37900
RL,1095,AllPub,6,1958,588,GasA,TA,Y,1,2,1,1,0,140000
RL,1192,AllPub,4,1949,720,GasA,TA,N,1,4,1,0,0,135000
RL,1626,AllPub,7,2003,764,GasA,Ex,Y,2,2,1,2,0,173000
RL,918,AllPub,6,1979,918,GasA,TA,Y,2,2,1,1,0,99500
FV,1428,AllPub,7,2007,1428,GasA,Ex,Y,2,3,1,2,0,182000
RL,2019,AllPub,7,1910,728,GasA,TA,N,1,3,1,2,0,167500
FV,1382,AllPub,7,2000,673,GasA,Ex,Y,2,3,1,2,0,165000
RL,869,AllPub,4,1923,440,GasA,TA,Y,1,2,1,0,0,85500
FV,1241,AllPub,7,2006,1241,GasA,Ex,Y,1,1,1,2,0,199900
RL,894,AllPub,4,1954,894,GasA,Ex,Y,1,3,1,2,0,110000
RL,1121,AllPub,5,1963,1121,GasA,TA,Y,1,3,1,2,0,139000
RL,999,AllPub,7,1961,944,GasA,Gd,Y,1,3,1,2,0,178400
RL,2612,AllPub,8,1998,1225,GasA,Ex,Y,2,4,1,3,0,336000
RL,1266,AllPub,7,2007,1266,GasA,Ex,Y,2,2,1,2,0,159895
RL,2290,AllPub,8,2002,1128,GasA,Ex,Y,2,4,1,2,0,255900
RL,1734,AllPub,5,1977,0,GasA,TA,Y,2,4,2,2,0,126000
RL,1164,AllPub,5,1950,1164,GasW,TA,N,1,3,1,1,0,125000
RM,1635,AllPub,6,1910,485,GasA,Gd,Y,1,2,1,1,0,117000
RL,1940,AllPub,9,2009,1930,GasA,Ex,Y,2,3,1,3,0,395192
RL,2030,AllPub,6,1976,848,GasA,TA,Y,2,4,1,2,0,195000
FV,1576,AllPub,7,2006,770,GasA,Ex,Y,2,3,1,2,0,197000
RL,2392,AllPub,8,1997,1396,GasA,Ex,Y,2,3,1,3,0,348000
RM,1742,AllPub,8,1882,916,GasA,Gd,Y,1,4,1,2,0,168000
RL,1851,AllPub,6,1964,822,GasA,Gd,Y,2,3,1,2,0,187000
RL,1500,AllPub,6,2005,750,GasA,Ex,Y,2,3,1,2,0,173900
RL,1718,AllPub,10,2006,1700,GasA,Ex,Y,2,3,1,3,0,337500
RL,1230,AllPub,4,1946,747,GasA,TA,Y,1,3,1,1,0,121600
RL,1050,AllPub,5,1961,1050,GasA,TA,Y,1,3,1,1,0,136500
RL,1442,AllPub,6,1970,1442,GasA,TA,Y,2,2,1,2,0,185000
RM,1077,AllPub,3,1922,1007,GasA,Fa,N,1,3,1,1,0,91000
RL,1208,AllPub,7,2006,1187,GasA,Ex,Y,2,2,1,2,0,206000
RL,944,AllPub,3,1952,0,GasW,Fa,N,1,2,1,2,0,82000
RL,691,AllPub,5,1920,691,GasA,Ex,Y,1,2,1,1,0,86000
RL,1574,AllPub,8,2006,1574,GasA,Ex,Y,2,3,1,3,0,232000
RL,1680,AllPub,5,1976,1680,GasA,Fa,Y,2,4,2,2,0,136905
RL,1504,AllPub,7,2005,1346,GasA,Ex,Y,2,1,1,2,0,181000
RL,985,AllPub,5,1977,985,GasA,TA,Y,2,3,1,1,0,149900
RL,1657,AllPub,6,1970,1657,GasA,Gd,Y,2,3,1,2,0,163500
RM,1092,AllPub,4,1970,546,GasA,TA,Y,1,3,1,1,0,88000
RL,1710,AllPub,7,2004,1710,GasA,Ex,Y,2,3,1,2,0,240000
RL,1522,AllPub,5,1926,1008,GasA,Ex,Y,2,4,1,0,0,102000
RL,1271,AllPub,5,1948,720,GasA,TA,Y,2,4,1,1,0,135000
RL,1664,AllPub,5,1965,0,GasA,TA,N,2,4,2,0,0,100000
RL,1502,AllPub,6,1923,602,GasA,TA,Y,1,3,1,1,0,165000
RM,1022,AllPub,5,1910,1022,GasW,TA,N,1,2,1,1,0,85000
RL,1082,AllPub,6,1948,1082,GasA,TA,Y,1,2,1,1,0,119200
RL,1665,AllPub,8,2001,810,GasA,Ex,Y,2,3,1,2,0,227000
RL,1504,AllPub,7,1996,1504,GasA,Ex,Y,2,3,1,2,0,203000
RL,1360,AllPub,8,1984,1220,GasA,Gd,Y,1,1,1,2,0,187500
RL,1472,AllPub,7,1991,384,GasA,Gd,Y,2,3,1,2,0,160000
RL,1506,AllPub,7,2005,1362,GasA,Ex,Y,2,2,1,2,0,213490
RL,1132,AllPub,4,2005,1132,GasA,Ex,Y,1,2,1,2,0,176000
RL,1220,AllPub,7,2006,1199,GasA,Ex,Y,2,2,1,2,0,194000
RM,1248,AllPub,5,1930,912,GasA,Gd,Y,1,2,1,1,0,87000
RL,1504,AllPub,7,2005,1346,GasA,Ex,Y,2,2,1,2,0,191000
RL,2898,AllPub,8,1976,1565,GasA,TA,Y,2,2,1,2,0,287000
RL,882,AllPub,5,1972,882,GasA,TA,Y,1,3,1,2,0,112500
RL,1264,AllPub,5,1960,1268,GasA,TA,Y,1,3,1,2,0,167500
RL,1646,AllPub,8,2007,1638,GasA,Ex,Y,2,3,1,3,0,293077
RL,1376,AllPub,5,1941,768,GasA,TA,Y,1,3,1,1,0,105000
RM,1218,AllPub,6,1972,672,GasA,Gd,Y,1,3,1,1,0,118000
RH,1928,AllPub,5,1916,686,GasA,Gd,Y,2,5,2,0,0,160000
RL,3082,AllPub,7,1920,824,GasA,Ex,Y,2,5,1,2,0,197000
RL,2520,AllPub,8,1993,1338,GasA,Ex,Y,2,5,1,3,0,310000
RL,1654,AllPub,7,2002,1654,GasA,Ex,Y,2,3,1,3,0,230000
RL,954,AllPub,5,1938,920,GasA,Ex,Y,1,2,1,1,0,119750
RL,845,AllPub,4,1957,0,GasA,Ex,N,1,3,1,1,0,84000
RL,1620,AllPub,9,2007,1620,GasA,Ex,Y,2,2,1,3,0,315500
RL,2263,AllPub,8,2001,1055,GasA,Ex,Y,2,3,1,2,0,287000
RM,1344,AllPub,4,1970,546,GasA,TA,Y,1,3,1,0,0,97000
RM,630,AllPub,4,1970,630,GasA,TA,Y,1,1,1,1,0,80000
RL,1803,AllPub,5,1957,1134,GasA,Ex,Y,2,3,1,2,0,155000
RL,1632,AllPub,6,1966,800,GasA,Gd,Y,1,4,1,2,0,173000
RL,1306,AllPub,6,2005,1306,GasA,Ex,Y,2,1,1,2,0,196000
RL,2329,AllPub,7,1990,1475,GasA,Ex,Y,2,4,1,2,0,262280
RL,2524,AllPub,8,1981,2524,GasA,TA,Y,2,4,1,2,0,278000
RL,1733,AllPub,3,1955,0,GasA,Ex,Y,2,4,1,2,0,139600
RL,2868,AllPub,9,2005,1992,GasA,Ex,Y,3,4,1,3,0,556581
RL,990,AllPub,5,1994,990,GasA,Ex,Y,1,3,1,2,0,145000
RL,1771,AllPub,5,1960,0,GasA,TA,Y,1,3,1,2,0,115000
RL,930,AllPub,4,1946,0,GasA,Ex,Y,1,2,1,1,0,84900
RL,1302,AllPub,7,2007,1302,GasA,Ex,Y,2,3,1,2,0,176485
RL,1316,AllPub,7,2007,1316,GasA,Ex,Y,2,3,1,2,0,200141
RL,1977,AllPub,6,1964,816,GasA,TA,Y,1,4,1,2,0,165000
RL,1526,AllPub,5,1957,1216,GasA,Ex,Y,1,4,1,1,0,144500
RL,1989,AllPub,8,2002,1065,GasA,Ex,Y,2,3,1,2,0,255000
RL,1523,AllPub,6,1976,1193,GasA,TA,Y,2,3,1,2,0,180000
RL,1364,AllPub,7,2005,1364,GasA,Ex,Y,2,2,1,2,0,185850
RL,1850,AllPub,7,1994,973,GasA,Ex,Y,2,3,1,2,0,248000
RL,2184,AllPub,9,2008,1104,GasA,Ex,Y,2,3,1,3,0,335000
RL,1991,AllPub,6,1932,854,GasA,TA,Y,1,3,1,2,0,220000
RL,1338,AllPub,8,2001,1338,GasA,Ex,Y,2,2,1,2,0,213500
C (all),894,AllPub,3,1935,894,GasA,TA,Y,1,2,1,3,0,81000
RM,2337,AllPub,5,1900,662,GasA,TA,N,2,5,2,2,0,90000
RM,1103,AllPub,6,1925,1103,GasA,Gd,Y,1,2,1,2,0,110500
RL,1154,AllPub,5,1966,1154,GasA,Ex,Y,1,3,1,2,0,154000
RL,2260,AllPub,7,1996,1306,GasA,Ex,Y,2,3,1,2,0,328000
RL,1571,AllPub,6,1993,799,GasA,Gd,Y,2,3,1,2,0,178000
RL,1611,AllPub,6,1964,780,GasA,TA,Y,1,4,1,2,0,167900
RM,2521,AllPub,6,1973,942,GasA,Gd,Y,2,5,1,2,0,151400
RL,893,AllPub,5,1949,845,GasA,TA,Y,1,2,1,2,0,135000
RL,1048,AllPub,5,1956,1048,GasA,TA,Y,1,3,1,1,0,135000
RL,1556,AllPub,6,1968,727,GasA,Ex,Y,1,4,1,2,0,154000
RL,1456,AllPub,5,1948,810,GasA,Fa,Y,1,4,1,1,0,91500
RL,1426,AllPub,6,1977,690,GasA,TA,Y,1,3,1,2,0,159500
RL,1240,AllPub,7,2006,1240,GasA,Ex,Y,2,2,1,3,0,194000
RL,1740,AllPub,7,1940,800,GasA,TA,Y,1,3,1,1,0,219500
RL,1466,AllPub,5,1936,796,GasA,Gd,Y,2,3,1,2,0,170000
RL,1096,AllPub,5,1969,1096,GasA,Ex,Y,1,3,1,1,0,138800
RM,848,AllPub,6,2004,848,GasA,Ex,Y,1,1,1,2,0,155900
RL,990,AllPub,5,1994,990,GasA,,Y,1,3,1,1,0,126000
RL,1258,AllPub,6,1971,1258,GasA,Ex,Y,2,3,1,2,0,145000
RL,1040,AllPub,5,1963,1040,GasA,Fa,Y,1,3,1,1,0,133000
RL,1459,AllPub,7,2002,1459,GasA,Ex,Y,2,3,1,2,0,192000
RL,1251,AllPub,6,1964,1251,GasA,TA,Y,1,3,1,1,0,160000
RL,1498,AllPub,6,1995,691,GasA,Gd,Y,2,3,1,2,0,187500
RL,996,AllPub,6,1992, ,GasA,Ex,Y,1,2,1,2,0,147000
RM,1092,AllPub,4,1973,546,GasA,TA,Y,1,3,1,1,0,83500
FV,1953,AllPub,8,2005,1082,GasA,Ex,Y,2,3,1,3,0,252000
RM,1709,AllPub,7,2004,970,GasA,Ex,Y,2,3,1,2,0,137500
FV,1247,AllPub,8,2005,1247,GasA,Ex,Y,1,1,1,2,0,197000
RL,1040,AllPub,3,1950,0,Wall,Fa,N,2,2,2,2,0,92900
FV,1252,AllPub,7,1999,600,GasA,Ex,Y,2,2,1,2,0,160000
RL,1694,AllPub,6,1925,1181,GasA,Fa,Y,2,4,1,2,0,136500
RL,1200,AllPub,5,1965,864,GasA,Gd,Y,1,1,1,2,0,146000
RL,936,AllPub,5,1956,936,GasA,Ex,Y,1,2,1,1,0,129000
RL,1314,AllPub,6,2006,1314,GasA,Gd,Y,2,3,1,2,0,176432
RM,1355,AllPub,6,1914,684,GasA,TA,Y,1,3,1,0,0,127000
RL,1088,AllPub,8,1986,1074,GasA,Ex,Y,1,2,1,2,0,170000
RM,1324,AllPub,4,1936,672,GasA,TA,Y,1,3,1,1,0,128000
RL,1601,AllPub,7,1978,1271,GasA,TA,Y,2,3,1,2,0,157000
RL,438,AllPub,2,1920,290,GasA,TA,N,1,1,1,1,0,60000
RL,950,AllPub,5,1971,950,GasA,TA,Y,1,3,1,1,0,119500
RL,1134,AllPub,5,1960,1010,GasA,Ex,Y,1,2,1,1,0,135000
RL,1194,AllPub,6,1959,655,GasA,Ex,Y,1,3,1,2,0,159500
RM,1302,AllPub,5,1970,630,GasA,TA,Y,2,3,1,2,0,106000
RL,2622,AllPub,8,1994,1463,GasA,Ex,Y,2,3,1,2,0,325000
RL,1442,AllPub,7,1990,910,GasA,Gd,Y,2,3,1,2,0,179900
RL,2021,AllPub,7,2006,868,GasA,Ex,Y,2,3,1,2,0,274725
RL,1690,AllPub,6,2000,924,GasA,Ex,Y,2,3,1,2,0,181000
RL,1836,AllPub,8,2004,1836,GasA,Ex,Y,2,3,1,3,0,280000
RL,1658,AllPub,6,1995,773,GasA,Gd,Y,2,3,1,2,0,188000
RL,1964,AllPub,7,1976,803,GasA,,Y,2,4,1,2,0,205000
RL,816,AllPub,5,1957,816,GasA,TA,Y,1,2,1,1,0,129900
RL,1008,AllPub,5,1953,1008,GasA,Gd,Y,1,2,1,1,0,134500
RL,833,AllPub,5,1954,833,GasA,Ex,Y,1,2,1,1,0,117000
RL,1734,AllPub,8,2007,1734,GasA,Ex,Y,2,3,1,3,0,318000
RL,1419,AllPub,8,2002,408,GasA,,Y,2,3,1,2,0,184100
RL,894,AllPub,5,1967,894,GasA,Ex,Y,1,3,1,2,0,130000
RL,1601,AllPub,5,1958,533,GasA,TA,Y,1,3,1,1,0,140000
RL,1040,AllPub,5,1959,1040,GasA,TA,Y,1,3,1,1,0,133700
RM,1012,AllPub,6,1920,1012,GasA,TA,Y,1,2,1,1,0,118400
RL,1552,AllPub,7,2005,1552,GasA,Ex,Y,2,3,1,3,0,212900
RL,960,AllPub,4,1956,672,GasA,Ex,Y,1,3,1,1,0,112000
RL,698,AllPub,5,1947,698,GasA,Ex,Y,1,2,1,0,0,118000
RL,1482,AllPub,7,1992,384,GasA,Gd,Y,2,3,1,2,0,163900
RL,1005,AllPub,4,1955,1005,GasA,TA,Y,1,2,1,2,0,115000
RL,1555,AllPub,7,2007,1373,GasA,Ex,Y,2,2,1,3,0,174000
RL,1530,AllPub,7,2004,1530,GasA,Ex,Y,2,3,1,3,0,259000
RL,1959,AllPub,7,2004,847,GasA,Ex,Y,2,4,1,2,0,215000
RM,936,AllPub,5,1980,936,GasA,TA,Y,1,2,1,2,0,140000
RL,1981,AllPub,4,1928,1122,GasA,TA,Y,2,4,1,2,0,135000
RL,974,AllPub,5,1991,974,GasA,TA,Y,1,3,1,0,0,93500
RM,2210,AllPub,6,1880,1008,GasW,TA,Y,2,5,1,1,0,117500
RL,2020,AllPub,8,1995,1128,GasA,Ex,Y,2,3,1,2,0,239500
RL,1600,AllPub,6,1997,916,GasA,Gd,Y,2,3,1,2,0,169000
RM,986,AllPub,6,1926,960,GasA,TA,N,1,2,1,1,0,102000
RL,1252,AllPub,6,1950,1032,GasA,TA,Y,1,3,1,1,0,119000
RL,1020,AllPub,5,1875,780,GasA,Gd,N,1,2,1,0,0,94000
RL,1567,AllPub,6,1977,1567,GasA,TA,Y,2,2,1,2,0,196000
RL,1167,AllPub,5,1920,915,GasA,TA,Y,1,3,1,2,0,144000
RL,952,AllPub,5,1951,952,GasA,TA,Y,1,2,1,2,0,139000
RL,1868,AllPub,5,1976,780,GasA,Ex,Y,2,4,1,2,0,197500
RL,2828,AllPub,8,2006,1466,GasA,Ex,Y,3,4,1,3,0,424870
RL,1006,AllPub,5,1959,1006,GasA,,Y,1,3,1,0,0,80000
RL,924,AllPub,4,1941,672,Grav,Fa,N,1,2,1,1,0,80000
RM,1576,AllPub,5,1928,1042,GasA,Ex,Y,1,3,1,1,0,149000
RL,1298,AllPub,6,1985,1298,GasA,TA,Y,2,3,1,2,0,180000
RL,1564,AllPub,7,1941,704,GasA,Ex,Y,1,3,1,1,0,174500
RM,1111,AllPub,7,1926,572,GasA,TA,Y,1,2,1,1,0,116900
RM,1482,AllPub,7,1920,650,GasA,Ex,Y,1,3,1,2,0,143000
RL,932,AllPub,6,1950,932,GasA,Ex,Y,1,2,1,1,0,124000
RL,1466,AllPub,5,1959,1466,GasA,TA,Y,1,3,1,2,0,149900
RL,1811,AllPub,6,1956,1073,GasA,Ex,Y,1,2,1,2,0,230000
RM,816,AllPub,6,1930,816,GasA,Ex,Y,1,2,1,1,0,120500
RL,1820,AllPub,7,1965,864,GasA,TA,Y,1,4,1,2,0,201800
RL,1437,AllPub,5,1976,1437,GasA,TA,Y,2,3,1,2,0,218000
RL,1265,AllPub,5,1965,1219,GasA,Gd,Y,2,3,1,2,0,179900
RL,1314,AllPub,7,2007,1314,GasA,Ex,Y,2,2,1,2,0,230000
RL,1580,AllPub,8,2007,1580,GasA,Ex,Y,2,3,1,3,0,235128
RL,1876,AllPub,6,1974,901,GasA,TA,Y,2,4,1,2,0,185000
RL,1456,AllPub,6,1978,855,GasA,Fa,Y,2,3,1,2,0,146000
RL,1640,AllPub,6,1954,1296,GasA,Ex,Y,1,3,1,2,0,224000
RL,894,AllPub,5,1968,894,GasA,Gd,Y,1,3,1,2,0,129000
RL,1258,AllPub,4,1969,1198,GasA,TA,Y,0,0,2,2,0,108959
RL,1432,AllPub,5,1978, ,GasA,Ex,Y,1,2,1,2,0,194000
RL,1502,AllPub,7,2009,1502,GasA,Ex,Y,2,3,1,2,0,233170
RL,1694,AllPub,8,2008,1694,GasA,Ex,Y,2,3,1,3,0,245350
RL,1671,AllPub,6,2000,959,GasA,Ex,Y,2,3,1,2,0,173000
RL,2108,AllPub,6,1935,1127,GasA,Ex,Y,2,4,1,2,0,235000
RL,3627,AllPub,10,1995,1930,GasA,Ex,Y,3,4,1,3,0,625000
RL,1118,AllPub,6,1977,1096,GasA,TA,Y,1,3,1,1,576,171000
RL,1261,AllPub,6,1958,1261,GasA,Ex,Y,1,3,1,2,0,163000
FV,1250,AllPub,7,2006,625,GasA,Ex,Y,2,2,1,2,0,171900
RL,3086,AllPub,5,1946,1598,GasA,TA,Y,3,3,1,0,0,200500
RL,2345,AllPub,6,1932,952,GasA,TA,Y,2,4,1,2,0,239000
RL,2872,AllPub,8,1992,1683,GasA,Ex,Y,2,4,1,2,0,285000
RL,923,AllPub,5,1984,876,GasA,TA,Y,1,3,1,1,0,119500
RM,1224,AllPub,6,1926,818,GasA,TA,Y,1,3,1,1,0,115000
RL,1343,AllPub,5,1921,731,GasA,Ex,Y,1,3,1,1,0,154900
RL,1124,AllPub,5,1954,0,GasA,Gd,Y,1,3,1,0,0,93000
RL,2514,AllPub,7,1990,1216,GasA,Ex,Y,2,4,1,2,0,250000
RM,1652,AllPub,8,2008,1600,GasA,Ex,Y,2,2,1,2,0,392500
RL,4476,AllPub,10,1996,2396,GasA,Ex,Y,3,4,1,3,555,745000
RL,1130,AllPub,5,1920,1120,GasA,Ex,Y,1,2,1,2,0,120000
RL,1572,AllPub,5,1963,1572,GasA,Gd,Y,1,3,1,3,0,186700
RL,1221,AllPub,5,1924,784,GasA,Gd,Y,1,4,1,1,0,104900
RL,1699,AllPub,3,1900,978,GasA,TA,Y,2,3,2,2,0,95000
RL,1624,AllPub,8,1994,1624,GasA,Ex,Y,2,2,1,3,0,262000
RL,1660,AllPub,7,2002,831,GasA,Ex,Y,2,3,1,2,0,195000
RL,1804,AllPub,7,1999,994,GasA,Gd,Y,2,3,1,2,0,189000
RL,1622,AllPub,4,1961,1249,GasA,Ex,Y,1,3,1,4,0,168000
FV,1441,AllPub,8,1999,776,GasA,Ex,Y,2,2,1,2,0,174000
RM,1472,AllPub,5,1925,702,GasA,Gd,Y,1,3,1,1,0,125000
RM,1224,AllPub,6,1999,1224,GasA,Ex,Y,2,2,1,2,0,165000
RL,1352,AllPub,6,1969,663,GasA,TA,Y,1,4,1,1,0,158000
RL,1456,AllPub,6,2005,728,GasA,Ex,Y,2,3,1,2,0,176000
RL,1863,AllPub,7,2006,879,GasA,Ex,Y,2,4,1,3,0,219210
RM,1690,AllPub,7,1916,815,GasA,,Y,1,3,1,1,0,144000
RL,1212,AllPub,7,2001,1212,GasA,,Y,2,3,1,2,0,178000
RL,1382,AllPub,4,1963,1051,GasA,Gd,Y,1,3,1,2,0,148000
RL,864,AllPub,4,1970,864,GasA,Gd,Y,1,3,1,1,0,116050
RL,1779,AllPub,7,1998,866,GasA,Ex,Y,2,3,1,2,0,197900
RM,1348,AllPub,5,1925,884,GasA,Ex,Y,1,3,1,1,0,117000
RL,1630,AllPub,7,2000,1630,GasA,Ex,Y,2,3,1,2,0,213000
RL,1074,AllPub,5,1975,1056,GasA,Ex,Y,1,3,1,2,0,153500
RL,2196,AllPub,7,1990,2158,GasA,Gd,Y,2,3,1,3,0,271900
RH,1056,AllPub,4,1966,1056,GasA,TA,Y,1,2,1,1,0,107000
RL,1700,AllPub,6,2003,1682,GasA,Ex,Y,2,3,1,2,0,200000
RL,1283,AllPub,5,1962,931,GasA,TA,Y,1,3,1,2,0,140000
RL,1660,AllPub,8,2006,1660,GasA,Ex,Y,2,3,1,2,0,290000
RL,1845,AllPub,6,1992,1055,GasA,Ex,Y,2,3,1,2,0,189000
RL,1752,AllPub,8,1988,559,GasA,,Y,2,4,1,2,0,164000
RL,672,AllPub,4,1941,672,GasA,TA,Y,1,2,1,1,0,113000
RL,960,AllPub,4,1965,648,GasA,Ex,Y,0,0,1,1,0,145000
RL,999,AllPub,5,1962,925,GasA,TA,Y,1,3,1,1,0,134500
RL,894,AllPub,5,1966,894,GasA,TA,Y,1,3,1,1,0,125000
RM,1902,AllPub,6,1978,0,GasA,TA,Y,2,4,2,2,0,112000
FV,1314,AllPub,8,2009,1300,GasA,Ex,Y,2,3,1,2,0,229456
RM,912,AllPub,4,1947,0,GasA,Gd,N,1,2,1,0,0,80500
RM,1218,AllPub,6,1971,672,GasA,TA,Y,1,3,1,0,0,91500
RL,912,AllPub,5,1964, ,GasA,TA,Y,1,2,1,1,0,115000
RL,1211,AllPub,5,1968,952,GasA,Ex,Y,1,3,1,1,0,134000
RL,1846,AllPub,6,1949,1040,GasA,Ex,Y,2,3,1,1,0,143000
RL,2136,AllPub,5,1951,2136,GasA,TA,N,2,4,1,2,0,137900
RL,1490,AllPub,7,2004,788,GasA,Ex,Y,2,3,1,2,0,184000
RL,1138,AllPub,6,1958,588,GasA,Ex,Y,1,3,1,1,0,145000
RL,1933,AllPub,6,2007,894,GasA,Ex,Y,2,4,1,3,0,214000
RL,912,AllPub,5,1965,912,GasA,Ex,Y,1,2,1,2,0,147000
RL,1702,AllPub,9,2008,1702,GasA,Ex,Y,1,1,1,3,0,367294
RL,1507,AllPub,5,1960,1075,GasA,Gd,Y,2,4,1,1,0,127000
RL,2620,AllPub,5,1977, ,GasA,Ex,Y,2,4,2,2,0,190000
RL,1190,AllPub,5,1962,1106,GasA,TA,Y,1,3,1,2,0,132500
RL,1224,AllPub,4,1962,0,GasA,,Y,2,2,2,2,0,101800
RL,1188,AllPub,5,1959,1188,GasA,Fa,Y,1,3,1,2,0,142000
RH,1964,AllPub,5,1911,940,GasA,TA,N,1,4,1,0,0,130000
RL,1784,AllPub,5,1914,747,GasA,Gd,Y,1,4,1,1,0,138887
RL,1626,AllPub,7,2003,764,GasA,Ex,Y,2,2,1,2,0,175500
RL,1948,AllPub,7,2004,847,GasA,Ex,Y,2,4,1,2,0,195000
RL,1141,AllPub,6,2005,1141,GasA,Ex,Y,1,3,1,2,0,142500
RL,1484,AllPub,8,2006,1476,GasA,Ex,Y,2,2,1,2,0,265900
RL,1768,AllPub,7,2003,884,GasA,Ex,Y,2,3,1,2,0,224900
RL,1689,AllPub,7,2007,1689,GasA,Ex,Y,2,3,1,3,0,248328
RL,1173,AllPub,7,1974,1053,GasA,TA,Y,2,3,1,2,0,170000
RL,2076,AllPub,10,2006,2076,GasA,Ex,Y,2,2,1,3,0,465000
RL,1517,AllPub,8,1929,792,GasA,Fa,Y,1,3,1,2,0,230000
RL,1868,AllPub,6,1984,585,GasA,Ex,Y,3,3,1,2,0,178000
FV,1553,AllPub,7,2005,756,GasA,Ex,Y,2,3,1,2,0,186500
RL,1034,AllPub,6,1976,1012,GasA,TA,Y,1,3,1,3,0,169900
RM,2058,AllPub,6,1917,735,OthW,Fa,N,1,3,1,2,0,129500
RL,988,AllPub,5,1950,876,GasA,,Y,1,3,1,1,0,119000
RL,2110,AllPub,7,1968,2110,GasA,Ex,Y,2,3,1,2,0,244000
RL,1405,AllPub,7,2003,1405,GasA,Ex,Y,2,2,1,2,0,171750
RL,874,AllPub,5,1968,864,GasA,TA,Y,1,3,1,1,0,130000
RL,2167,AllPub,7,1974,1192,GasA,TA,Y,2,3,1,2,0,294000
RL,1656,AllPub,7,2003,746,GasA,Ex,Y,2,3,1,2,0,165400
RM,1367,AllPub,6,1931,884,GasA,TA,Y,1,3,1,1,0,127500
RL,1987,AllPub,8,1994,1986,GasA,Ex,Y,2,2,1,2,0,301500
RL,864,AllPub,5,1922,864,GasA,Ex,Y,1,2,1,0,0,99900
RL,1166,AllPub,7,2005,856,GasA,Ex,Y,2,2,1,2,0,190000
RL,1054,AllPub,6,1969,1054,GasA,Gd,Y,1,3,1,2,0,151000
RL,1675,AllPub,6,1999,841,GasA,Ex,Y,2,3,1,2,0,181000
RL,1050,AllPub,5,1956,1050,GasA,Gd,Y,1,2,1,1,0,128900
RL,1788,AllPub,4,1957,1104,GasA,Ex,Y,1,5,1,1,0,161500
RL,1824,AllPub,6,1919,764,GasA,Ex,Y,1,3,1,2,0,180500
RH,1337,AllPub,6,1998,1405,GasA,Ex,Y,2,2,1,2,0,181000
FV,1452,AllPub,7,1999,691,GasA,Ex,Y,2,3,1,2,0,183900
RM,1889,AllPub,7,1910,925,GasA,TA,N,1,4,2,1,0,122000
RL,2018,AllPub,9,2008,2002,GasA,Ex,Y,2,3,1,3,0,378500
RL,3447,AllPub,8,1935,728,GasA,Ex,Y,3,4,1,3,0,381000
RL,1524,AllPub,5,1958,874,GasW,TA,Y,1,3,1,1,0,144000
RL,1524,AllPub,7,1979,1332,GasA,TA,Y,0,0,1,2,0,260000
RL,1489,AllPub,6,1968,1489,GasA,Gd,Y,2,3,1,2,0,185750
RL,935,AllPub,5,1965,935,GasA,,Y,1,3,1,1,0,137000
RL,1357,AllPub,6,1959,1019,GasA,Gd,Y,1,2,1,1,0,177000
RL,1250,AllPub,5,1910,661,GasA,Ex,Y,2,3,1,2,0,139000
RL,1920,AllPub,5,1948,928,GasA,Gd,Y,2,4,2,2,0,137000
RL,1395,AllPub,6,1972,723,GasA,TA,Y,1,3,1,2,0,162000
RL,1724,AllPub,6,1967,1680,GasA,Fa,Y,1,3,1,2,0,197900
RL,2031,AllPub,8,2002,1128,GasA,Ex,Y,2,3,1,2,0,237000
C (all),1128,AllPub,4,1920,698,GasA,TA,Y,1,2,1,2,0,68400
RL,1573,AllPub,7,2002,1573,GasA,Ex,Y,2,3,1,2,0,227000
RL,1339,AllPub,7,1990,1309,GasA,TA,Y,2,2,1,2,0,180000
RL,1040,AllPub,5,1977,1040,GasA,,Y,2,3,1,2,0,150500
RL,1824,AllPub,6,1971,912,GasA,TA,Y,2,4,2,0,0,139000
RL,2447,AllPub,6,1919,804,GasA,Ex,Y,2,4,1,1,0,169000
RM,1412,AllPub,6,1939, ,GasA,Ex,Y,1,4,1,1,0,132500
RL,1328,AllPub,6,1963,1328,GasA,TA,Y,1,3,1,2,0,143000
RL,1582,AllPub,5,1964,1624,GasA,Fa,Y,2,4,1,2,0,190000
RL,1659,AllPub,8,2000,1501,GasA,Ex,Y,2,2,1,2,0,278000
RL,1970,AllPub,8,2006,1085,GasA,Ex,Y,2,3,1,3,0,281000
RL,1152,AllPub,5,1964,1152,GasA,TA,Y,1,3,1,2,0,180500
RM,1302,AllPub,5,1972,630,GasA,,Y,2,3,1,1,0,119500
RM,2372,AllPub,5,1892,994,GasA,TA,N,2,4,2,1,0,107500
RL,1664,AllPub,7,1976,832,GasA,TA,Y,2,4,1,2,0,162900
RL,864,AllPub,5,1955,864,GasA,TA,Y,1,2,1,2,0,115000
RL,1052,AllPub,5,1968, ,GasA,Gd,Y,1,3,1,1,0,138500
RL,1128,AllPub,5,1963,1120,GasA,Gd,Y,2,3,1,2,0,155000
RM,1072,AllPub,6,2005,547,GasA,Gd,Y,2,2,1,2,0,140000
RL,5642,AllPub,10,2008,6110,GasA,Ex,Y,2,3,1,2,480,160000
RL,1246,AllPub,5,1959,1246,GasA,Ex,Y,1,3,1,1,0,154000
RL,1983,AllPub,7,1999,978,GasA,,Y,2,3,1,2,0,225000
RL,1494,AllPub,6,1942,771,GasA,Fa,Y,1,3,1,1,0,177500
RL,2526,AllPub,8,1994,1165,GasA,Ex,Y,2,4,1,3,0,290000
RL,1616,AllPub,7,2005,1616,GasA,Ex,Y,2,3,1,3,0,232000
RM,1708,AllPub,7,2004,976,GasA,Ex,Y,2,3,1,2,0,130000
RL,1652,AllPub,9,2006,1652,GasA,Ex,Y,2,2,1,2,0,325000
RL,1368,AllPub,7,2005,1368,GasA,Ex,Y,2,2,1,2,0,202500
RL,990,AllPub,5,1994,990,GasA,Ex,Y,1,3,1,2,0,138000
RM,1122,AllPub,5,1948,924,GasA,Ex,Y,1,2,1,2,0,147000
RL,1294,AllPub,6,1991,1278,GasA,Gd,Y,2,3,1,2,0,179200
RL,1902,AllPub,7,1959,1902,GasA,TA,Y,2,3,1,2,0,335000
RL,1274,AllPub,7,2005,1274,GasA,Ex,Y,2,3,1,2,0,203000
RL,2810,AllPub,8,1990,1453,GasA,Ex,Y,2,4,1,2,0,302000
RL,2599,AllPub,9,1999,1393,GasA,Ex,Y,2,4,1,3,0,333168
RL,948,AllPub,4,1954,948,GasA,Ex,Y,1,3,1,1,0,119000
RL,2112,AllPub,6,1969,952,GasA,,Y,2,4,1,2,0,206900
RL,1630,AllPub,8,2008,1622,GasA,Ex,Y,2,3,1,3,0,295493
FV,1352,AllPub,7,2006,1352,GasA,Ex,Y,2,2,1,2,0,208900
RL,1787,AllPub,8,2001, ,GasA,Ex,Y,2,3,1,3,0,275000
RL,948,AllPub,4,1954,864,GasA,Ex,Y,1,3,1,1,0,111000
RL,1478,AllPub,6,1957, ,GasA,Gd,Y,1,3,1,2,0,156500
RL,720,AllPub,3,1949,0,Floor,TA,N,1,2,1,1,0,72500
RL,1923,AllPub,7,1992,750,GasA,Ex,Y,2,3,1,2,0,190000
RL,708,AllPub,4,1940,420,GasA,Gd,Y,1,2,1,0,0,82500
RL,1795,AllPub,8,2006,1795,GasA,Ex,Y,2,2,1,3,0,147000
RM,796,AllPub,4,1922,796,GasA,Fa,N,1,2,1,0,0,55000
RH,774,AllPub,3,1931,544,GasA,,Y,1,3,1,0,0,79000
RL,816,AllPub,5,1982,816,GasA,Ex,Y,1,3,1,1,0,130500
RM,2792,AllPub,6,1920,1510,GasW,Ex,Y,2,5,1,2,0,256000
RL,1632,AllPub,7,1998,935,GasA,Gd,Y,2,3,1,2,0,176500
RL,1588,AllPub,8,2006,1588,GasA,Ex,Y,2,3,1,3,0,227000
RL,954,AllPub,5,1976,911,GasA,Gd,Y,1,3,1,2,0,132500
RL,816,AllPub,4,1938,816,GasA,Ex,Y,1,2,1,1,0,100000
RM,1360,AllPub,5,1938,803,GasA,Ex,Y,1,2,1,1,0,125500
RM,1365,AllPub,5,1970,765,GasA,TA,Y,1,3,1,2,0,125000
RL,1334,AllPub,6,1977,1350,GasA,TA,Y,2,2,1,2,0,167900
RL,1656,AllPub,5,1973,1656,GasA,TA,Y,2,4,2,2,0,135000
RM,693,AllPub,4,1941,693,Grav,Fa,N,1,2,1,0,0,52500
RL,1861,AllPub,7,2002,916,GasA,Ex,Y,2,3,1,2,0,200000
RL,864,AllPub,5,1972,864,GasA,Ex,Y,1,3,1,1,0,128500
RL,872,AllPub,4,1971,858,GasA,TA,Y,1,3,1,4,0,123000
RL,1114,AllPub,6,2003,1114,GasA,Ex,Y,1,3,1,2,0,155000
RL,2169,AllPub,8,2002,1284,GasA,Ex,Y,2,3,1,2,0,228500
RL,1913,AllPub,6,1928,896,GasA,Gd,Y,1,3,1,2,0,177000
RL,1456,AllPub,7,2006,728,GasA,Ex,Y,2,3,1,2,0,155835
RM,960,AllPub,4,1920,960,GasA,Gd,Y,1,2,1,1,0,108500
RL,2156,AllPub,7,1968,1568,GasA,TA,Y,2,3,1,2,0,262500
RL,1776,AllPub,8,2006,1732,GasA,Ex,Y,2,3,1,3,0,283463
RL,1494,AllPub,7,1998,1482,GasA,Ex,Y,2,3,1,2,0,215000
RM,2358,AllPub,8,1872,684,OthW,Fa,N,2,4,1,0,0,122000
RL,2634,AllPub,5,1969,1248,GasA,TA,Y,2,6,2,4,0,200000
RL,1716,AllPub,6,1962,858,GasA,Ex,Y,1,4,1,2,0,171000
RM,1176,AllPub,6,1937,698,GasA,TA,Y,1,2,1,2,0,134900
RL,3238,AllPub,8,1995,2033,GasA,Ex,Y,2,4,1,3,0,410000
RL,1865,AllPub,7,2000,992,GasA,Ex,Y,2,3,1,3,0,235000
RL,1920,AllPub,7,1968,570,GasA,Gd,Y,3,4,1,2,0,170000
RL,892,AllPub,5,1966,864,GasA,TA,Y,1,3,1,1,0,110000
RL,1078,AllPub,5,1971,1078,GasA,Ex,Y,1,3,1,2,0,149900
FV,1573,AllPub,6,2000,756,GasA,Ex,Y,2,3,1,2,0,177500
RL,1980,AllPub,9,2004,1980,GasA,Ex,Y,2,3,1,3,0,315000
RL,2601,AllPub,5,1921,612,GasA,,Y,3,4,1,2,0,189000
RL,1530,AllPub,7,2005,1530,GasA,Ex,Y,2,3,1,2,0,260000
RL,1738,AllPub,4,1920,715,GasA,Gd,Y,2,4,1,1,0,104900
RL,1412,AllPub,6,2006,616,GasA,Ex,Y,2,3,1,2,0,156932
FV,1200,AllPub,7,2005,600,GasA,Ex,Y,2,2,1,2,0,144152
FV,1674,AllPub,7,2000,814,GasA,Ex,Y,2,3,1,2,0,216000
RL,1790,AllPub,7,1999,873,GasA,Ex,Y,2,3,1,2,0,193000
RM,1475,AllPub,5,1977,757,GasA,Ex,Y,2,4,1,1,0,127000
RM,848,AllPub,6,2003,848,GasA,,Y,1,1,1,2,0,144000
RL,1668,AllPub,8,2003,1657,GasA,Ex,Y,2,3,1,2,0,232000
RL,1374,AllPub,4,1920,840,GasA,Ex,Y,1,2,1,1,0,105000
RL,1661,AllPub,6,1955,992,GasA,Gd,Y,1,3,1,1,0,165500
RL,2097,AllPub,7,1998,1108,GasA,Ex,Y,2,3,1,2,0,274300
RL,2633,AllPub,10,2001,2633,GasA,Ex,Y,2,2,1,3,0,466500
FV,1958,AllPub,7,2005,1026,GasA,Ex,Y,2,3,1,3,0,250000
RL,1571,AllPub,8,2007,1571,GasA,Ex,Y,2,3,1,3,0,239000
RL,790,AllPub,6,1930,768,GasA,,N,1,2,1,1,0,91000
RL,1604,AllPub,5,1941,984,GasA,Ex,Y,2,3,1,2,0,117000
RM,987,AllPub,6,1973,483,GasA,TA,Y,1,2,1,1,0,83000
RL,1394,AllPub,5,2006,384,GasA,Gd,Y,2,3,1,2,0,167500
RL,864,AllPub,3,1914,864,GasA,TA,N,1,2,1,1,0,58500
RL,2117,AllPub,6,1970,1205,GasA,Ex,Y,2,4,1,2,0,237500
RM,1762,AllPub,7,1920,596,GasA,Ex,Y,1,4,1,2,0,157000
RL,1416,AllPub,5,1918,816,GasA,Ex,Y,2,3,1,2,0,112000
RL,1258,AllPub,6,1939,560,GasA,TA,Y,1,2,1,1,0,105000
RM,1154,AllPub,4,1922,796,GasA,Gd,Y,1,3,1,1,0,125500
RL,2784,AllPub,7,1978,1392,GasA,TA,Y,3,5,1,2,519,250000
RM,2526,AllPub,6,1916,714,GasW,TA,N,2,5,1,1,0,136000
RL,1746,AllPub,9,2006,1746,GasA,Ex,Y,2,3,1,3,0,377500
RM,1218,AllPub,6,1941,735,GasA,Ex,Y,1,3,1,2,0,131000
RL,1525,AllPub,7,2000,1525,GasA,Ex,Y,2,3,1,2,0,235000
RL,1584,AllPub,5,1967,1584,GasA,TA,Y,2,4,2,3,0,124000
RL,900,AllPub,5,1967,864,GasA,TA,Y,1,3,1,1,0,123000
RM,1912,AllPub,6,1905,482,GasA,Ex,N,2,3,2,2,0,163000
RL,1500,AllPub,7,2006,1356,GasA,Ex,Y,2,2,1,3,0,246578
RL,2482,AllPub,8,2005,1094,GasA,Ex,Y,2,4,1,3,0,281213
RL,1687,AllPub,5,1948,747,GasA,TA,Y,1,3,1,2,0,160000
RM,1513,AllPub,5,1920,939,GasA,Ex,Y,1,4,1,1,0,137500
RL,1904,AllPub,5,1950,1208,GasA,Gd,Y,1,3,1,1,0,138000
RL,1608,AllPub,6,1925,976,GasA,Ex,Y,2,3,1,1,0,137450
RM,1158,AllPub,6,1929,862,GasA,TA,Y,1,3,1,1,0,120000
RL,1593,AllPub,6,2004,839,GasA,Ex,Y,2,3,1,2,0,193000
RL,1294,AllPub,7,2006,1286,GasA,Ex,Y,2,2,1,2,0,193879
RL,1464,AllPub,8,2007,1485,GasA,Ex,Y,2,3,1,3,0,282922
RL,1214,AllPub,3,1915,672,GasA,TA,Y,1,3,1,3,0,105000
RM,1646,AllPub,8,2004,1594,GasA,Ex,Y,2,2,1,2,0,275000
RL,768,AllPub,5,1972,768,GasA,TA,Y,1,2,1,2,0,133000
RL,833,AllPub,5,1985,833,GasA,Ex,Y,1,3,1,0,0,112000
RM,1363,AllPub,4,1910,622,GasA,Gd,Y,1,3,1,2,0,125500
RL,2093,AllPub,7,1986,791,GasA,Gd,Y,2,3,1,2,0,215000
RL,1840,AllPub,7,2001,944,GasA,Ex,Y,2,3,1,2,0,230000
RL,1668,AllPub,6,1950,856,GasA,Ex,Y,1,3,1,1,0,140000
RL,1040,AllPub,4,1949,0,Wall,Fa,N,2,2,2,2,0,90000
RL,1844,AllPub,8,2005,1844,GasA,Ex,Y,2,2,1,2,0,257000
RL,1848,AllPub,6,1923,833,GasA,,Y,1,4,1,2,0,207000
RL,1569,AllPub,7,2007,1386,GasA,Ex,Y,2,1,1,3,0,175900
RM,2290,AllPub,4,1885,777,GasA,Gd,Y,2,4,2,2,0,122500
RL,2450,AllPub,8,1998,1284,GasA,Ex,Y,2,3,1,3,0,340000
RL,1144,AllPub,5,1963,1144,GasA,TA,Y,1,3,1,1,0,124000
RL,1844,AllPub,6,1969,1844,GasA,Gd,Y,2,3,1,2,0,223000
RL,1416,AllPub,6,1968,708,GasA,Gd,Y,2,3,1,2,0,179900
RL,1069,AllPub,6,1977,1069,GasA,TA,Y,2,2,1,2,0,127500
RM,848,AllPub,6,2003,848,GasA,Ex,Y,1,1,1,2,0,136500
RL,2201,AllPub,6,1966,697,GasA,TA,Y,2,4,1,2,738,274970
RL,1344,AllPub,5,1958,1024,GasA,TA,Y,1,2,1,1,0,144000
RL,1252,AllPub,6,1959, ,GasA,Ex,Y,1,3,1,2,0,142000
RL,2127,AllPub,7,1994, ,GasA,Ex,Y,2,3,1,2,0,271000
RL,1558,AllPub,5,1945,913,GasA,TA,Y,1,3,1,1,0,140000
RM,804,AllPub,5,1940,788,GasA,TA,Y,1,2,1,1,0,119000
RL,1440,AllPub,6,1981,1440,GasA,Ex,Y,2,3,1,2,0,182900
RL,1838,AllPub,5,2005,732,GasA,Ex,Y,2,4,1,2,0,192140
RL,958,AllPub,6,1976,958,GasA,TA,Y,2,2,1,2,0,143750
RL,968,AllPub,4,1927,656,GasA,TA,Y,2,4,1,1,0,64500
RL,1792,AllPub,6,2000,936,GasA,Ex,Y,2,3,1,2,0,186500
RL,1126,AllPub,5,1977,1126,GasA,Fa,Y,2,3,1,2,0,160000
RL,1537,AllPub,6,1962,1319,GasA,TA,Y,1,3,1,2,0,174000
RL,864,AllPub,4,1971,864,GasA,TA,Y,1,3,1,2,0,120500
RL,1932,AllPub,8,2008,1932,GasA,Ex,Y,2,2,1,3,0,394617
RM,1236,AllPub,6,1957,912,GasA,TA,Y,1,2,1,2,0,149700
RL,1725,AllPub,7,1979,539,GasA,TA,Y,2,3,1,2,0,197000
RL,2555,AllPub,6,1922,588,GasA,Fa,Y,2,3,1,2,0,191000
RM,848,AllPub,6,2004,848,GasA,Ex,Y,1,1,1,2,0,149300
FV,2007,AllPub,10,2008,1017,GasA,Ex,Y,2,3,1,3,0,310000
RL,952,AllPub,6,1916,952,Grav,Fa,N,1,2,1,1,0,121000
RL,1422,AllPub,7,2004,1422,GasA,Ex,Y,2,3,1,2,0,179600
RL,913,AllPub,6,1966,814,GasA,Gd,Y,1,3,1,1,0,129000
RL,1188,AllPub,5,1962,1188,GasA,TA,Y,1,3,1,1,0,157900
RL,2090,AllPub,8,1995,1220,GasA,Ex,Y,2,3,1,2,0,240000
RL,1346,AllPub,4,1910,560,GasA,Gd,N,1,2,1,1,0,112000
RM,630,AllPub,5,1970,630,GasA,Ex,Y,1,1,1,0,0,92000
RL,1792,AllPub,5,1974,896,GasA,TA,Y,2,4,2,0,0,136000
RL,1578,AllPub,8,2008,1573,GasA,Ex,Y,2,3,1,3,0,287090
RM,1072,AllPub,5,2005,547,GasA,Gd,Y,1,2,1,2,0,145000
RL,1140,AllPub,5,2006,1140,GasA,Ex,Y,1,3,1,0,0,84500
FV,1221,AllPub,7,2004,1221,GasA,Ex,Y,2,2,1,2,0,185000
RL,1647,AllPub,6,1999,953,GasA,Ex,Y,2,3,1,2,0,175000
RL,2073,AllPub,6,1978,1542,GasA,TA,Y,2,3,1,2,0,210000
RL,2340,AllPub,7,1941,1152,GasA,Ex,Y,2,4,1,1,0,266500
RL,1078,AllPub,5,1950,1078,GasA,Gd,Y,1,2,1,1,0,142125
